Battery_ID,Cycle,Voltage_V,Current_A,Temperature_C,Capacity_Ah,Internal_Resistance_Ohm,Charge_Time_min,SOH
1.0,1.0,4.1725954478461205,1.312037280884873,27.85530759552985,2.7081725046786884,0.0480815458544195,88.88824373195297,100.0
1.0,2.0,4.140929297513688,2.049512863264476,28.375759456331263,2.689404711028794,0.0399252465024609,88.97542494151804,99.6211563765395
1.0,3.0,4.153963709988929,1.5842892970704363,27.629903552774948,2.680914872860738,0.0387311380317712,88.89105007815151,99.30667507430816
1.0,4.0,4.187392320465567,1.0929008254399954,27.533188068383676,2.703898228198732,0.041747019267733,90.95139603669136,100.0
1.0,5.0,4.144374593753102,2.3684660530243136,28.959690350308147,2.6847479223755486,0.0447647338408074,89.18270239231502,99.4486592180661
1.0,6.0,4.145058243192521,2.325044568707964,30.009568268020825,2.6924996663188168,0.0459265907850142,86.38065975224045,99.7357999717044
1.0,7.0,4.151202918538037,2.939169255529117,31.109249163901325,2.6714848750494307,0.0479952831168458,88.33182931426978,98.95736829919235
1.0,8.0,4.159605506252506,1.7135066533871786,28.06049997744399,2.6664833341091416,0.0464308548687053,86.87391968927454,98.77210079739432
1.0,9.0,4.141973765793756,1.1491012873595416,27.83590081048952,2.693919088382405,0.04811324537878,92.23866466021752,99.78837832362784
1.0,10.0,4.144392511648431,1.2317381190502594,27.044694322112548,2.6992078773294423,0.0464937902942106,92.45109025424472,99.98428609034464
1.0,11.0,4.144465115350044,1.6219646434313244,29.27570236262321,2.67952037833238,0.0428553761816329,92.21959083846086,99.25502009024936
1.0,12.0,4.131432551852268,2.42648957444599,29.88833615286943,2.689981494194282,0.0466841868165252,93.67607313293192,99.6425216272542
1.0,13.0,4.17021965483721,2.0454656587639883,28.87602060551581,2.6838207643719865,0.0454674077375757,87.8124990828172,99.41431535301676
1.0,14.0,4.160052987359388,1.49858445829775,28.124369181445218,2.6988206107480157,0.0501336821342245,89.6634595634527,99.9699409289379
1.0,15.0,4.138723644346232,2.859395304685146,31.23994927459013,2.669880913973814,0.049224559958796,91.26423374011256,98.89795423760444
1.0,16.0,4.166577932003247,2.7921825998469867,30.85280783485784,2.6855510929844475,0.0436938407183679,90.14467570680446,99.47841033157388
1.0,17.0,4.123797275778019,2.6360295318449865,28.2839182256392,2.673776858778806,0.0468865538316663,90.05896709683941,99.04226815401164
1.0,18.0,4.152294044898003,1.6464058640415105,28.303963001402167,2.6741465097580277,0.0515585577036315,91.24915562566368,99.05596079679415
1.0,19.0,4.144133311263508,2.9248945898842225,30.986948536159133,2.681171899995206,0.0409294861340293,88.80493633112869,99.31619589512432
1.0,20.0,4.146535215238245,2.005358046457723,28.824628668477036,2.6612449329726044,0.0454229171056566,91.60309468466724,98.57805950020838
1,420,4.0773,6.5846,55.0,2.8594,0.04924,88.36,98.7,False,False
1,421,3.9968,10.1124,55.0,2.8694,0.04953,89.65,98.7,False,False
1,424,3.9832,9.7354,55.0,2.8716,0.04883,88.49,98.69,False,False
1,427,3.9792,10.8589,55.0,2.8709,0.04924,89.69,98.68,False,False
1,489,4.0724,6.6318,55.0,2.8598,0.04965,89.76,98.51,False,False
1,490,4.0205,7.7172,55.0,2.8539,0.04921,89.5,98.51,False,False
1,493,4.1505,3.0026,54.98,2.8493,0.04928,88.49,98.5,False,False
1,496,4.0875,4.213,54.99,2.8651,0.04918,89.09,98.49,False,False
1,499,4.079,6.3765,55.0,2.8619,0.04945,88.52,98.48,False,False
1,500,4.1399,2.5614,54.94,2.8587,0.04884,89.19,98.48,False,False
1,503,3.9851,9.6683,55.0,2.8506,0.04963,88.42,98.47,False,False
1,506,4.0626,5.877,54.99,2.864,0.0491,88.39,98.46,False,False
1,507,4.0926,5.1791,55.0,2.8632,0.04962,88.39,98.45,False,False
1,510,4.0947,4.4,55.0,2.8523,0.04881,90.13,98.45,False,False
1,513,4.026,7.911,55.0,2.8638,0.0489,90.21,98.44,False,False
1,514,4.1146,2.4072,55.0,2.859,0.04902,88.26,98.43,False,False
1,517,3.971,11.1234,55.0,2.8616,0.04879,88.89,98.43,False,False
1,520,3.9885,9.7674,55.0,2.8566,0.04899,89.78,98.42,False,False
1,521,4.0169,8.1692,55.0,2.8585,0.04933,89.29,98.42,False,False
1,523,3.9769,11.1472,55.0,2.8439,0.04908,89.12,98.41,False,False
1,524,3.9942,10.2813,55.0,2.8637,0.04974,88.79,98.41,False,False
1,527,3.9798,10.6797,55.0,2.8523,0.04976,90.0,98.4,False,False
1,528,3.9847,10.7991,55.0,2.852,0.04924,89.23,98.4,False,False
1,531,4.0955,4.1781,55.0,2.8547,0.04964,88.48,98.39,False,False
1,534,4.0925,3.5936,55.0,2.8531,0.04904,90.21,98.38,False,False
1,535,4.0965,4.9332,55.0,2.8463,0.04928,88.43,98.37,False,False
1,537,4.0016,9.0165,55.0,2.8501,0.0488,88.8,98.37,False,False
1,538,3.9601,11.219,55.0,2.8626,0.04972,89.86,98.37,False,False
1,541,4.0881,4.9253,54.99,2.8439,0.04978,88.54,98.36,False,False
1,544,4.1042,4.6942,54.99,2.848,0.04893,90.29,98.35,False,False
1,545,4.0994,3.1628,54.97,2.8597,0.04981,89.96,98.35,False,False
1,548,4.0358,9.1092,55.0,2.8606,0.04953,89.37,98.34,False,False
1,551,4.105,4.978,55.0,2.8535,0.04972,89.69,98.33,False,False
1,554,4.1345,3.7254,55.0,2.8502,0.04965,89.21,98.32,False,False
1,555,4.1,4.2398,55.0,2.852,0.04902,89.17,98.32,False,False
1,558,4.1443,2.9169,54.99,2.8532,0.04903,88.86,98.31,False,False
1,561,4.1208,2.7073,55.0,2.8453,0.049,89.69,98.3,False,False
1,564,4.053,8.074,55.0,2.8509,0.04937,88.83,98.29,False,False
1,565,4.077,5.0252,55.0,2.8508,0.0495,89.7,98.29,False,False
1,568,4.0343,8.8519,55.0,2.8407,0.04904,89.96,98.28,False,False
1,571,4.0673,5.3747,54.99,2.8544,0.04891,89.97,98.27,False,False
1,574,4.0038,10.5065,55.0,2.8465,0.04962,88.56,98.26,False,False
1,575,4.1514,2.8832,55.0,2.8566,0.04969,88.44,98.26,False,False
1,578,4.0195,9.0262,55.0,2.8491,0.04911,90.37,98.25,False,False
1,581,4.0327,8.326,55.0,2.8578,0.0491,90.1,98.24,False,False
1,584,4.0726,6.4869,55.0,2.8424,0.04909,90.14,98.24,False,False
1,585,4.0571,7.9937,55.0,2.8469,0.04919,89.42,98.23,False,False
1,588,4.0974,3.6712,55.0,2.8514,0.04974,89.74,98.23,False,False
1,591,4.0501,7.0839,55.0,2.8443,0.04929,90.14,98.22,False,False
1,594,4.0036,10.7389,55.0,2.857,0.04967,88.5,98.21,False,False
1,595,4.1256,3.0557,54.96,2.8416,0.0498,90.29,98.21,False,False
1,598,4.0283,9.0154,55.0,2.8483,0.04979,89.91,98.19,False,False
1,601,4.1071,3.7015,55.0,2.8532,0.04914,88.93,98.18,False,False
1,604,4.048,6.0558,55.0,2.8462,0.04961,89.45,98.17,False,False
1,605,4.0356,9.2188,55.0,2.8375,0.04991,89.45,98.17,False,False
1,608,3.9636,11.8015,55.0,2.8538,0.04959,89.79,98.16,False,False
1,611,4.0537,5.7303,55.0,2.8536,0.0497,90.15,98.15,False,False
1,614,4.0287,8.4173,55.0,2.8475,0.049,89.4,98.14,False,False
1,615,4.0061,8.9594,55.0,2.8432,0.04979,89.25,98.14,False,False
1,618,3.9578,11.9733,55.0,2.8428,0.04903,89.05,98.13,False,False
1,621,3.9844,11.0913,55.0,2.8529,0.04998,88.52,98.12,False,False
1,622,3.9658,11.1522,55.0,2.8433,0.04972,88.81,98.12,False,False
1,624,4.0305,7.6345,55.0,2.8383,0.04949,88.82,98.11,False,False
1,625,3.9579,11.9504,55.0,2.85,0.0497,90.36,98.11,False,False
1,628,4.0209,10.0818,55.0,2.8543,0.04977,90.1,98.1,False,False
1,631,4.0064,8.5026,55.0,2.85,0.04943,90.42,98.09,False,False
1,632,4.0843,5.2818,55.0,2.8465,0.04957,89.53,98.09,False,False
1,635,4.0384,6.9377,55.0,2.8502,0.04938,89.94,98.08,False,False
1,638,4.0429,8.2462,55.0,2.8418,0.04907,88.99,98.07,False,False
1,639,4.1307,3.7619,54.97,2.8486,0.0497,88.55,98.07,False,False
1,642,4.0595,6.5734,55.0,2.8366,0.04949,88.69,98.06,False,False
1,645,4.0846,5.2857,55.0,2.8518,0.04994,88.95,98.05,False,False
1,648,4.112,3.491,55.0,2.8411,0.04978,90.14,98.04,False,False
1,649,4.0014,11.197,55.0,2.8527,0.04946,89.16,98.04,False,False
1,651,4.0018,10.341,55.0,2.8479,0.04909,90.35,98.03,False,False
1,652,4.1325,3.5701,55.0,2.8338,0.04914,90.49,98.03,False,False
1,655,4.0618,5.7731,55.0,2.8441,0.04989,89.1,98.03,False,False
1,658,4.0422,8.4536,55.0,2.8472,0.04965,89.25,98.02,False,False
1,659,3.9567,11.1648,55.0,2.8438,0.04954,90.02,98.01,False,False
1,661,4.0903,4.398,55.0,2.8344,0.04967,89.77,98.0,False,False
1,662,3.9756,10.2219,55.0,2.8368,0.04979,88.76,98.0,False,False
1,665,4.1056,5.4087,55.0,2.8496,0.05005,89.53,97.99,False,False
1,668,4.137,2.847,55.0,2.8489,0.04959,89.14,97.99,False,False
1,669,4.0074,8.5766,55.0,2.8469,0.05004,89.2,97.98,False,False
1,672,4.0798,4.3434,55.0,2.8434,0.04913,88.89,97.97,False,False
1,675,4.0421,8.6599,55.0,2.8376,0.04935,88.83,97.96,False,False
1,676,3.9774,11.5315,55.0,2.8383,0.04927,89.49,97.96,False,False
1,678,3.9542,11.7189,55.0,2.8321,0.05006,90.35,97.95,False,False
1,679,4.0962,5.7959,55.0,2.8456,0.04943,89.4,97.95,False,False
1,682,3.9593,11.0449,55.0,2.8328,0.05012,88.85,97.94,False,False
1,685,4.0795,4.9285,55.0,2.8322,0.0497,89.17,97.93,False,False
1,686,3.9894,11.2118,55.0,2.8429,0.0495,89.93,97.93,False,False
1,688,4.0806,4.6589,55.0,2.84,0.04964,89.57,97.93,False,False
1,689,4.0543,5.8233,55.0,2.8343,0.05013,88.71,97.92,False,False
1,692,4.0746,7.0012,55.0,2.834,0.05015,90.03,97.92,False,False
1,693,4.0144,8.3929,55.0,2.848,0.04944,89.52,97.91,False,False
1,696,4.0409,7.9067,55.0,2.8293,0.04996,88.79,97.9,False,False
1,699,4.1022,4.2214,55.0,2.8371,0.0497,89.32,97.9,False,False
1,702,4.1044,3.8408,55.0,2.8356,0.04921,90.67,97.89,False,False
1,703,3.987,9.5129,55.0,2.8463,0.04926,89.48,97.88,False,False
1,706,4.0772,6.5673,55.0,2.8324,0.05005,88.82,97.87,False,False
1,709,4.0299,9.4263,55.0,2.8353,0.04995,90.54,97.87,False,False
1,712,4.0325,6.8121,55.0,2.8321,0.05015,89.13,97.86,False,False
1,713,4.1115,5.0198,55.0,2.8298,0.0494,89.86,97.85,False,False
1,716,4.1379,2.7759,54.94,2.8395,0.04988,90.48,97.84,False,False
1,719,4.093,5.8114,55.0,2.8372,0.04992,90.56,97.83,False,False
1,720,3.9969,10.8,55.0,2.8312,0.04943,89.34,97.83,False,False
1,723,4.002,10.0609,55.0,2.8424,0.04927,89.54,97.82,False,False
1,726,3.9755,10.1283,55.0,2.843,0.04993,90.13,97.81,False,False
1,729,4.0092,9.3262,55.0,2.8391,0.04988,88.85,97.8,False,False
1,730,4.0353,8.6706,55.0,2.8368,0.0502,89.12,97.8,False,False
1,733,4.1337,2.2812,54.94,2.8426,0.04996,89.58,97.79,False,False
1,736,4.0462,6.8795,55.0,2.8334,0.0501,89.66,97.78,False,False
1,737,4.0308,8.5592,55.0,2.8359,0.05012,89.0,97.78,False,False
1,739,4.0654,6.2322,55.0,2.8265,0.04966,90.15,97.77,False,False
1,740,4.0557,6.8502,55.0,2.8428,0.0501,89.25,97.77,False,False
1,743,4.0342,8.7686,55.0,2.8323,0.05002,88.99,97.75,False,False
1,746,4.04,7.2958,55.0,2.8293,0.05018,90.27,97.75,False,False
1,747,4.0752,4.7584,55.0,2.8328,0.04933,89.77,97.75,False,False
1,750,4.1316,2.7599,55.0,2.8337,0.0498,89.52,97.74,False,False
1,753,4.0408,8.6887,55.0,2.8412,0.04976,89.05,97.73,False,False
1,756,4.0213,9.7635,55.0,2.8304,0.04968,90.18,97.72,False,False
1,757,3.9648,11.8119,55.0,2.8335,0.05004,88.88,97.72,False,False
1,760,4.0054,8.6823,55.0,2.8259,0.0494,89.92,97.7,False,False
1,763,4.01,9.5756,55.0,2.8408,0.04975,89.95,97.69,False,False
1,766,4.09,4.8608,55.0,2.8372,0.04971,89.67,97.68,False,False
1,767,4.1558,2.3632,54.95,2.8369,0.04955,90.41,97.68,False,False
1,770,3.9764,10.0923,55.0,2.823,0.04999,90.33,97.67,False,False
1,773,4.1382,3.6954,55.0,2.8357,0.04996,90.37,97.66,False,False
1,776,4.1034,3.3861,55.0,2.8275,0.05018,89.51,97.65,False,False
1,777,4.1194,2.0524,54.92,2.8286,0.04947,90.13,97.64,False,False
1,780,4.089,4.6492,55.0,2.8339,0.04977,89.78,97.64,False,False
1,783,3.9835,9.8911,55.0,2.8361,0.04957,89.52,97.63,False,False
1,784,4.0691,6.9516,55.0,2.8368,0.04992,90.86,97.63,False,False
1,787,4.0856,4.2382,55.0,2.825,0.04956,89.13,97.62,False,False
1,790,4.0325,8.6751,55.0,2.832,0.0501,89.54,97.61,False,False
1,791,4.139,3.5646,55.0,2.8376,0.05001,90.65,97.61,False,False
1,793,4.0044,9.4656,55.0,2.8262,0.05027,89.69,97.6,False,False
1,794,4.1166,3.4274,55.0,2.8336,0.05039,89.78,97.6,False,False
1,797,4.0476,6.9576,55.0,2.8319,0.05027,89.66,97.59,False,False
1,800,4.1345,3.0309,55.0,2.8261,0.04955,88.95,97.58,False,False
1,801,4.0355,7.3404,55.0,2.8386,0.04954,89.18,97.58,False,False
1,804,4.037,7.5697,55.0,2.8366,0.05016,89.87,97.57,False,False
1,807,4.0095,9.9538,55.0,2.8378,0.04965,89.34,97.56,False,False
1,808,3.9894,10.3085,55.0,2.829,0.05035,89.85,97.56,False,False
1,811,4.0081,9.7244,55.0,2.8254,0.04999,90.81,97.55,False,False
1,814,3.992,9.5303,55.0,2.8287,0.05003,90.21,97.54,False,False
1,815,4.0781,4.5277,55.0,2.8318,0.04999,89.11,97.54,False,False
1,818,4.1325,2.3182,55.0,2.837,0.04998,90.24,97.53,False,False
1,821,3.9673,11.7209,55.0,2.8372,0.04969,90.67,97.52,False,False
1,824,4.0015,10.9412,55.0,2.8271,0.05041,90.83,97.51,False,False
1,825,4.0529,6.2263,55.0,2.8352,0.04966,89.12,97.51,False,False
1,828,3.974,11.2501,55.0,2.8265,0.05017,90.14,97.49,False,False
1,831,3.997,10.2415,55.0,2.8289,0.04981,89.1,97.49,False,False
1,834,4.0194,9.8568,55.0,2.817,0.05002,89.88,97.48,False,False
1,835,4.1079,3.806,55.0,2.824,0.04977,89.07,97.47,False,False
1,838,3.975,10.6303,55.0,2.8257,0.04961,90.63,97.47,False,False
1,841,4.0389,6.4563,55.0,2.8361,0.04994,90.42,97.46,False,False
1,844,3.9632,11.6567,55.0,2.825,0.05033,89.25,97.45,False,False
1,845,4.0271,7.6344,55.0,2.8163,0.05035,89.17,97.45,False,False
1,848,4.0949,3.9088,54.98,2.8181,0.04992,89.51,97.44,False,False
1,851,4.0078,8.5012,55.0,2.819,0.04987,90.88,97.43,False,False
1,852,4.0791,5.414,55.0,2.834,0.05044,90.91,97.42,False,False
1,855,4.1186,2.1322,55.0,2.8249,0.05047,90.31,97.41,False,False
1,858,4.0549,6.6932,55.0,2.8259,0.05001,90.57,97.4,False,False
1,859,3.976,9.9702,55.0,2.8215,0.05057,89.37,97.4,False,False
1,862,4.0357,8.977,55.0,2.8146,0.05005,89.3,97.39,False,False
1,865,4.1271,2.4026,54.99,2.8158,0.05043,89.13,97.37,False,False
1,868,3.9577,10.9877,55.0,2.825,0.05053,90.85,97.36,False,False
1,869,4.0871,3.9501,55.0,2.8166,0.05021,89.59,97.36,False,False
1,872,4.0436,8.5505,55.0,2.8189,0.0497,89.25,97.35,False,False
1,875,4.0481,6.2534,55.0,2.8263,0.05041,90.05,97.34,False,False
1,876,3.9824,9.8757,55.0,2.8182,0.04998,90.21,97.34,False,False
1,879,4.0246,7.2818,55.0,2.8186,0.05027,89.81,97.33,False,False
1,882,4.0869,5.9938,55.0,2.8287,0.0504,90.1,97.32,False,False
1,885,3.9824,10.6533,55.0,2.8193,0.05011,90.12,97.31,False,False
1,886,4.0891,4.5799,55.0,2.8212,0.0503,90.38,97.31,False,False
1,889,4.0952,4.0851,55.0,2.8141,0.04985,90.86,97.3,False,False
1,892,4.1073,4.8141,55.0,2.8265,0.05039,90.67,97.29,False,False
1,893,4.0247,9.47,55.0,2.8221,0.04986,91.17,97.28,False,False
1,896,4.0918,5.4684,55.0,2.8248,0.0498,91.13,97.27,False,False
1,899,4.1185,3.6947,55.0,2.8239,0.05049,89.57,97.26,False,False
1,900,4.0795,5.9715,55.0,2.8232,0.05034,90.71,97.26,False,False
1,902,3.9914,9.5696,55.0,2.8297,0.0498,89.52,97.25,False,False
1,903,4.0687,5.399,55.0,2.8144,0.04993,90.64,97.25,False,False
1,906,3.9796,11.8112,55.0,2.8174,0.04992,90.42,97.24,False,False
1,909,4.0893,5.6813,55.0,2.8277,0.04992,91.1,97.23,False,False
1,910,4.0277,7.0882,55.0,2.8125,0.05028,89.97,97.23,False,False
1,912,4.0237,8.3483,55.0,2.8097,0.04997,91.21,97.22,False,False
1,913,4.0987,5.1698,55.0,2.8206,0.05,89.59,97.22,False,False
1,916,3.9906,9.5442,55.0,2.8261,0.05055,89.59,97.21,False,False
1,919,4.1195,4.6359,54.97,2.809,0.05066,90.98,97.2,False,False
1,920,4.0503,7.4143,55.0,2.8259,0.05055,91.15,97.2,False,False
1,922,4.1578,2.3413,55.0,2.8285,0.04994,89.45,97.19,False,False
1,923,4.1193,4.6951,55.0,2.8232,0.05048,90.14,97.19,False,False
1,926,3.9982,11.1746,55.0,2.8157,0.05074,90.53,97.18,False,False
1,929,3.9815,11.8021,55.0,2.8179,0.05032,90.91,97.17,False,False
1,930,4.0856,4.3197,54.96,2.8127,0.0503,90.97,97.17,False,False
1,933,4.0748,7.0839,55.0,2.8141,0.05062,89.54,97.16,False,False
1,936,3.9781,10.0304,55.0,2.8272,0.04991,90.31,97.15,False,False
1,937,4.0094,9.3095,55.0,2.8187,0.05019,89.88,97.15,False,False
1,939,4.0184,9.1092,55.0,2.8151,0.05061,90.55,97.14,False,False
1,940,4.0536,6.7675,55.0,2.8174,0.05009,90.73,97.14,False,False
1,943,4.0835,4.4704,55.0,2.8152,0.05016,90.09,97.12,False,False
1,946,4.1154,2.2953,55.0,2.8201,0.05029,89.32,97.12,False,False
1,947,4.0868,6.0859,55.0,2.8128,0.05001,90.37,97.12,False,False
1,950,3.9904,9.9342,55.0,2.812,0.05075,91.12,97.1,False,False
1,953,4.0756,6.9493,55.0,2.8095,0.0508,90.54,97.09,False,False
1,956,3.957,11.8102,55.0,2.8129,0.05036,89.74,97.09,False,False
1,957,4.1169,2.8349,54.95,2.8154,0.05041,89.96,97.08,False,False
1,960,4.0617,6.0565,55.0,2.8207,0.05052,90.35,97.07,False,False
1,963,4.095,4.4877,54.97,2.8141,0.05072,91.22,97.06,False,False
1,964,3.9719,11.0015,55.0,2.8052,0.05072,90.06,97.06,False,False
1,966,4.0768,5.3312,55.0,2.8123,0.05055,91.11,97.06,False,False
1,967,4.1427,3.3873,55.0,2.8203,0.05007,90.96,97.05,False,False
1,970,4.0403,8.2838,55.0,2.8132,0.04989,90.74,97.04,False,False
1,973,4.1002,3.6913,55.0,2.8056,0.05052,89.69,97.03,False,False
1,974,4.1482,2.554,55.0,2.8225,0.05036,91.15,97.03,False,False
1,977,3.9487,11.7513,55.0,2.8156,0.05001,90.01,97.02,False,False
1,980,4.1088,2.9196,55.0,2.8148,0.05022,91.28,97.01,False,False
1,981,4.0287,8.5443,55.0,2.807,0.05009,91.32,97.01,False,False
1,984,4.0846,4.5377,55.0,2.81,0.05004,89.55,97.0,False,False
1,985,4.0957,3.908,55.0,2.8083,0.05078,91.14,97.0,False,False
1,987,4.0736,4.7504,55.0,2.8217,0.0503,90.52,96.99,False,False
1,988,3.9961,8.9573,55.0,2.8057,0.05044,90.38,96.99,False,False
1,991,4.0103,10.4398,55.0,2.8166,0.05079,90.72,96.98,False,False
1,992,4.0706,6.4239,55.0,2.8038,0.04998,90.18,96.98,False,False
1,995,4.1489,2.5742,55.0,2.8192,0.05054,89.99,96.98,False,False
1,998,4.0933,6.1117,55.0,2.8145,0.05,90.83,96.97,False,False
1,999,3.9773,10.5223,55.0,2.8201,0.05038,89.85,96.97,False,False
1,1002,4.0465,7.5724,55.0,2.8179,0.05015,90.99,96.96,False,False
1,1005,4.011,10.0109,55.0,2.8188,0.0507,89.82,96.95,False,False
1,1006,4.0293,8.9243,55.0,2.8076,0.05069,89.55,96.94,False,False
1,1008,3.9817,11.6288,55.0,2.8033,0.05054,89.84,96.94,False,False
1,1009,4.0237,8.5365,55.0,2.8095,0.05093,90.89,96.94,False,False
1,1012,3.9725,11.668,55.0,2.8198,0.04998,89.6,96.93,False,False
1,1015,4.128,2.3969,55.0,2.8084,0.0503,91.44,96.92,False,False
1,1016,4.0866,4.9538,55.0,2.8017,0.0502,89.71,96.92,False,False
1,1019,4.1196,4.2616,55.0,2.8128,0.05,90.78,96.91,False,False
1,1022,3.9966,8.8211,55.0,2.814,0.05088,90.05,96.9,False,False
1,1023,4.0099,8.6242,55.0,2.8122,0.05093,90.55,96.89,False,False
1,1025,4.0572,7.3129,55.0,2.8077,0.05039,90.83,96.89,False,False
1,1026,4.063,7.4905,55.0,2.8171,0.05082,90.28,96.88,False,False
1,1029,4.1222,3.9989,55.0,2.8172,0.05055,90.19,96.87,False,False
1,1032,4.1459,2.5033,54.97,2.8007,0.05054,90.38,96.86,False,False
1,1033,4.1019,4.9332,54.95,2.8084,0.05063,89.78,96.86,False,False
1,1036,4.1075,3.3066,55.0,2.8138,0.05083,90.17,96.85,False,False
1,1039,4.0131,9.9347,55.0,2.8145,0.05081,90.48,96.84,False,False
1,1040,4.035,7.153,55.0,2.808,0.05025,90.15,96.84,False,False
1,1042,3.9806,11.1311,55.0,2.8033,0.05091,90.19,96.84,False,False
1,1043,4.1365,2.4482,55.0,2.8036,0.05057,90.14,96.83,False,False
1,1046,4.12,3.8945,55.0,2.8163,0.05063,91.14,96.82,False,False
1,1049,4.0312,8.3579,55.0,2.8103,0.0503,90.42,96.81,False,False
1,1052,4.0784,4.9314,55.0,2.8088,0.05049,90.43,96.8,False,False
1,1053,4.1198,2.1724,55.0,2.7994,0.05084,89.61,96.8,False,False
1,1056,4.0793,6.7942,55.0,2.7987,0.05079,90.25,96.79,False,False
1,1059,3.9593,11.3809,55.0,2.8047,0.05055,89.89,96.78,False,False
1,1060,4.0473,7.7618,55.0,2.797,0.0502,90.36,96.78,False,False
1,1062,4.0596,5.5188,55.0,2.8085,0.05068,89.95,96.77,False,False
1,1063,4.0506,6.4205,55.0,2.7986,0.05017,91.25,96.77,False,False
1,1066,4.045,6.5924,55.0,2.7972,0.05056,90.26,96.76,False,False
1,1069,4.0124,8.7089,55.0,2.8117,0.05053,91.01,96.75,False,False
1,1070,4.1572,2.5755,55.0,2.8014,0.05015,89.81,96.75,False,False
1,1073,4.0448,7.5629,55.0,2.7988,0.05081,91.52,96.74,False,False
1,1076,4.1221,3.8954,55.0,2.8096,0.05059,91.51,96.74,False,False
1,1077,3.9726,11.2871,55.0,2.8098,0.05077,89.85,96.73,False,False
1,1079,4.0588,6.2368,55.0,2.8131,0.05089,89.88,96.73,False,False
1,1080,4.1141,4.868,55.0,2.8019,0.05031,91.07,96.72,False,False
1,1083,4.1176,2.1024,55.0,2.8121,0.05041,91.37,96.72,False,False
1,1086,4.0225,7.8663,55.0,2.8107,0.05046,90.91,96.71,False,False
1,1087,4.0975,4.7421,55.0,2.8129,0.05077,90.66,96.71,False,False
1,1090,3.9704,11.8791,55.0,2.8124,0.05019,91.5,96.7,False,False
1,1093,3.9729,10.8381,55.0,2.8062,0.05064,90.88,96.69,False,False
1,1094,3.9735,10.9136,55.0,2.8043,0.05039,90.08,96.69,False,False
1,1096,4.1508,2.9237,55.0,2.7974,0.05108,90.73,96.68,False,False
1,1097,4.1108,3.9095,54.98,2.8003,0.05088,91.3,96.68,False,False
1,1100,4.1206,4.5493,55.0,2.8118,0.05098,89.81,96.66,False,False
1,1103,4.0793,5.0367,55.0,2.804,0.05053,89.81,96.65,False,False
1,1104,3.9867,11.9145,55.0,2.8032,0.05083,90.58,96.65,False,False
1,1107,4.1359,3.3999,55.0,2.794,0.0504,90.57,96.64,False,False
1,1110,4.0536,6.8619,55.0,2.8034,0.0511,91.61,96.63,False,False
1,1111,4.0194,10.1797,55.0,2.7978,0.05078,90.09,96.63,False,False
1,1113,3.9608,11.1778,55.0,2.7929,0.05118,91.22,96.62,False,False
1,1114,4.0838,4.1044,54.97,2.8081,0.05082,89.93,96.61,False,False
1,1117,4.0746,6.5445,55.0,2.8103,0.0506,90.05,96.61,False,False
1,1120,4.0499,7.4146,55.0,2.7926,0.05027,89.83,96.6,False,False
1,1121,4.1429,2.663,55.0,2.8081,0.05028,90.48,96.59,False,False
1,1124,4.1049,5.4764,55.0,2.8008,0.05038,91.35,96.59,False,False
1,1127,4.0296,7.3515,55.0,2.8037,0.0511,91.45,96.58,False,False
1,1130,4.0533,7.4926,55.0,2.808,0.05074,91.38,96.57,False,False
1,1131,4.0946,5.2434,55.0,2.8031,0.05075,90.75,96.56,False,False
1,1134,4.1548,2.3913,55.0,2.7999,0.05059,90.29,96.56,False,False
1,1137,4.034,6.8518,55.0,2.8033,0.0507,90.86,96.55,False,False
1,1140,3.9959,10.8395,55.0,2.7899,0.05055,90.05,96.54,False,False
1,1141,4.0762,5.0448,55.0,2.7903,0.05045,91.2,96.53,False,False
1,1144,4.1451,2.7958,55.0,2.7966,0.0504,90.61,96.52,False,False
1,1147,4.1187,3.2919,55.0,2.8008,0.05106,90.36,96.51,False,False
1,1148,4.1212,3.9343,55.0,2.8079,0.051,90.26,96.51,False,False
1,1151,4.0742,5.6625,55.0,2.8046,0.05108,90.5,96.5,False,False
1,1154,4.1483,2.3299,54.95,2.7982,0.05127,90.25,96.49,False,False
1,1157,4.0768,5.6504,55.0,2.7959,0.05086,90.75,96.48,False,False
1,1158,4.0742,5.4486,55.0,2.8004,0.05125,91.38,96.48,False,False
1,1161,4.1256,2.8461,55.0,2.8007,0.05105,90.86,96.47,False,False
1,1164,4.0707,7.0839,55.0,2.7986,0.05078,89.85,96.46,False,False
1,1165,4.0563,6.7042,55.0,2.7911,0.05038,90.32,96.46,False,False
1,1168,4.0099,9.4281,55.0,2.8058,0.05123,90.72,96.45,False,False
1,1171,4.0434,6.4237,55.0,2.8056,0.05065,91.19,96.44,False,False
1,1172,4.1304,2.2453,55.0,2.8062,0.05058,91.36,96.44,False,False
1,1174,4.1446,3.1502,55.0,2.8038,0.05119,90.49,96.43,False,False
1,1175,4.0559,5.6426,55.0,2.8064,0.05068,90.62,96.43,False,False
1,1178,4.0361,7.6759,55.0,2.793,0.05052,91.47,96.42,False,False
1,1181,4.083,6.0831,55.0,2.7974,0.05119,91.03,96.41,False,False
1,1182,3.9817,10.5228,55.0,2.7924,0.05042,90.37,96.41,False,False
1,1184,4.1146,3.9058,54.98,2.8016,0.05067,90.7,96.41,False,False
1,1185,4.0696,7.1217,55.0,2.7875,0.05124,91.48,96.4,False,False
1,1188,3.9565,11.7582,55.0,2.8036,0.05103,90.78,96.39,False,False
1,1191,3.9605,10.8579,55.0,2.7956,0.05116,90.07,96.38,False,False
1,1192,4.0393,8.7369,55.0,2.7964,0.05082,90.46,96.38,False,False
1,1195,4.0254,7.3335,55.0,2.795,0.05049,91.03,96.37,False,False
1,1198,4.0562,6.3612,55.0,2.7925,0.05075,89.93,96.36,False,False
1,1201,4.0156,9.7526,55.0,2.7907,0.05064,90.01,96.36,False,False
1,1202,3.9942,10.284,55.0,2.7991,0.05101,91.82,96.35,False,False
1,1205,4.0727,5.0521,55.0,2.7871,0.05097,91.62,96.34,False,False
1,1208,4.1237,2.3799,55.0,2.7851,0.05049,91.67,96.33,False,False
1,1211,4.0312,8.9738,55.0,2.7938,0.05049,91.64,96.33,False,False
1,1212,4.0933,4.7351,55.0,2.7914,0.0514,91.04,96.32,False,False
1,1215,4.0072,10.3888,55.0,2.7959,0.05096,91.52,96.32,False,False
1,1218,4.0401,6.4062,55.0,2.7915,0.05097,90.45,96.31,False,False
1,1221,4.0563,6.7666,55.0,2.8015,0.05118,91.57,96.3,False,False
1,1222,4.0552,5.6513,54.98,2.7859,0.05142,90.4,96.3,False,False
1,1225,4.0455,6.4291,55.0,2.7999,0.05115,90.83,96.29,False,False
1,1228,4.0737,6.9045,55.0,2.7871,0.05141,91.07,96.28,False,False
1,1229,3.9941,9.6352,55.0,2.7933,0.05086,91.24,96.28,False,False
1,1232,4.1073,5.3415,55.0,2.7874,0.05075,91.45,96.26,False,False
1,1235,4.1505,2.9764,54.99,2.7853,0.05116,90.6,96.25,False,False
1,918,4.0927,5.03,55.0,2.8119,0.05044,89.75,97.27,False,False
1,919,4.1144,4.8257,55.0,2.8229,0.05001,89.64,97.27,False,False
1,920,4.0899,4.0581,54.96,2.8219,0.05053,89.56,97.26,False,False
1,921,4.1213,2.8986,55.0,2.8238,0.0497,89.67,97.26,False,False
1,922,4.0261,9.8745,55.0,2.8226,0.04971,90.92,97.26,False,False
1,923,4.11,3.0165,54.96,2.8267,0.04976,89.77,97.26,False,False
1,924,4.077,6.5788,55.0,2.828,0.0498,89.93,97.25,False,False
1,925,4.0809,4.7684,55.0,2.8176,0.05064,91.04,97.25,False,False
1,926,3.9793,10.3952,55.0,2.8248,0.05048,90.74,97.25,False,False
1,927,4.0301,9.0578,55.0,2.8278,0.04988,90.45,97.25,False,False
1,928,3.9841,10.83,55.0,2.8281,0.04986,89.38,97.24,False,False
1,929,4.036,7.6149,55.0,2.8208,0.04999,89.61,97.24,False,False
1,930,4.0174,8.1477,55.0,2.8282,0.05024,90.02,97.24,False,False
1,931,3.9621,11.1783,55.0,2.8246,0.05043,90.96,97.23,False,False
1,932,4.0461,7.2342,55.0,2.8123,0.05052,90.95,97.23,False,False
1,933,4.0286,7.3932,55.0,2.8223,0.05041,89.36,97.23,False,False
1,934,4.0561,5.816,55.0,2.8099,0.05002,90.25,97.22,False,False
1,935,4.0467,6.295,55.0,2.8292,0.0499,90.64,97.22,False,False
1,936,4.0801,5.5902,55.0,2.8282,0.05044,90.53,97.22,False,False
1,937,4.0926,5.8739,55.0,2.8264,0.05011,90.35,97.22,False,False
1,938,4.0082,10.4088,55.0,2.8141,0.05063,90.77,97.21,False,False
1,939,4.0084,8.914,55.0,2.8176,0.05004,89.98,97.21,False,False
1,940,4.1364,2.4955,54.98,2.8093,0.04991,89.48,97.21,False,False
1,941,4.0496,6.0065,55.0,2.8176,0.05015,90.44,97.2,False,False
1,942,4.0442,7.5909,55.0,2.8241,0.0498,90.61,97.2,False,False
1,943,4.0623,7.8402,55.0,2.8105,0.04981,90.21,97.19,False,False
1,944,4.0574,5.8409,55.0,2.811,0.05045,90.69,97.19,False,False
1,945,3.9827,9.931,55.0,2.8158,0.05061,90.33,97.19,False,False
1,946,4.0503,6.7852,55.0,2.8238,0.05019,90.45,97.18,False,False
1,947,4.0966,4.6033,55.0,2.8106,0.04998,89.63,97.18,False,False
1,948,4.1245,3.6808,55.0,2.8236,0.05073,89.37,97.18,False,False
1,949,3.9724,10.5398,55.0,2.818,0.05048,89.59,97.17,False,False
1,950,4.1041,4.5182,55.0,2.8238,0.05061,91.16,97.17,False,False
1,951,3.9645,10.7444,55.0,2.8219,0.05005,90.66,97.17,False,False
1,952,4.0382,7.7758,55.0,2.8221,0.04989,90.83,97.17,False,False
1,953,4.0122,9.3609,55.0,2.82,0.05061,91.03,97.17,False,False
1,954,4.0452,7.5589,55.0,2.81,0.05027,89.56,97.17,False,False
1,955,3.9981,10.9166,55.0,2.817,0.05015,89.77,97.16,False,False
1,956,4.042,8.279,55.0,2.822,0.04995,90.22,97.16,False,False
1,957,3.9892,10.7778,55.0,2.8271,0.05042,90.89,97.15,False,False
1,958,3.9787,10.6419,55.0,2.8164,0.05057,90.53,97.15,False,False
1,959,4.0433,6.933,55.0,2.8093,0.05054,91.26,97.15,False,False
1,960,4.0954,4.8361,55.0,2.8133,0.04997,90.41,97.14,False,False
1,961,4.132,2.6367,55.0,2.8107,0.0502,89.77,97.14,False,False
1,962,4.1464,2.4541,55.0,2.8104,0.04993,91.11,97.14,False,False
1,963,4.0763,6.9804,55.0,2.8186,0.04989,89.41,97.14,False,False
1,964,4.0905,5.5694,55.0,2.8125,0.05072,90.77,97.14,False,False
1,965,3.9755,10.9715,55.0,2.8222,0.05013,91.06,97.13,False,False
1,966,4.0128,10.4034,55.0,2.809,0.05,90.33,97.13,False,False
1,967,4.1389,3.0741,54.99,2.8196,0.05056,91.25,97.12,False,False
1,968,4.0081,9.6259,55.0,2.8205,0.05059,90.33,97.12,False,False
1,969,4.1264,4.2426,55.0,2.8152,0.05018,91.31,97.12,False,False
1,970,4.0612,7.891,55.0,2.8104,0.05055,89.64,97.11,False,False
1,971,4.0966,3.6608,55.0,2.8253,0.05048,89.38,97.11,False,False
1,972,4.0295,6.9951,55.0,2.8087,0.05042,91.11,97.1,False,False
1,973,4.0857,5.9817,55.0,2.8073,0.05037,90.67,97.1,False,False
1,974,4.1215,3.5006,55.0,2.8143,0.05009,90.04,97.1,False,False
1,975,3.9915,11.8521,55.0,2.8181,0.04988,89.62,97.09,False,False
1,976,4.114,4.5786,55.0,2.8229,0.05038,89.62,97.09,False,False
1,977,4.0903,3.6964,55.0,2.8099,0.05082,89.84,97.09,False,False
1,978,3.9974,10.8764,55.0,2.8107,0.05009,90.63,97.09,False,False
1,979,4.047,7.4335,55.0,2.8198,0.05072,89.68,97.08,False,False
1,980,3.9912,9.99,55.0,2.8074,0.05077,90.03,97.08,False,False
1,981,4.0752,5.2372,55.0,2.8105,0.05065,90.78,97.07,False,False
1,982,4.0961,5.4592,55.0,2.8147,0.05065,90.8,97.07,False,False
1,983,4.0339,7.8599,55.0,2.8166,0.05031,90.79,97.07,False,False
1,984,4.0511,6.5029,55.0,2.8063,0.05013,91.03,97.06,False,False
1,985,4.0647,7.4438,55.0,2.8077,0.05008,91.01,97.06,False,False
1,986,4.0746,7.0604,55.0,2.8084,0.05055,89.59,97.06,False,False
1,987,4.0916,3.6493,55.0,2.8078,0.05068,89.43,97.06,False,False
1,988,3.9994,11.2448,55.0,2.8236,0.05071,90.53,97.05,False,False
1,989,3.9818,10.0823,55.0,2.8238,0.04993,90.81,97.05,False,False
1,990,4.0475,7.7347,55.0,2.8146,0.05056,90.83,97.04,False,False
1,991,4.1194,4.3453,55.0,2.8191,0.05006,90.68,97.04,False,False
1,992,4.087,4.0286,55.0,2.81,0.05027,89.48,97.04,False,False
1,993,4.1241,3.1621,55.0,2.8223,0.05078,90.54,97.04,False,False
1,994,4.108,2.9479,55.0,2.8237,0.05024,90.34,97.03,False,False
1,995,4.0907,4.3336,55.0,2.8058,0.05039,89.81,97.03,False,False
1,996,4.132,2.2802,55.0,2.8079,0.05026,89.72,97.03,False,False
1,997,3.996,9.7444,55.0,2.8098,0.04997,91.09,97.02,False,False
1,998,4.002,10.7023,55.0,2.8107,0.05018,91.17,97.02,False,False
1,999,3.9914,9.5473,55.0,2.8215,0.0503,91.04,97.01,False,False
1,1000,4.0346,7.0457,55.0,2.8197,0.05047,90.16,97.01,False,False
1,1001,4.1453,2.4509,54.98,2.8069,0.05074,91.14,97.01,False,False
1,1002,4.0432,7.359,55.0,2.8227,0.05028,89.79,97.01,False,False
1,1003,3.9545,11.9343,55.0,2.8215,0.05031,90.58,97.0,False,False
1,1004,4.0741,5.9614,55.0,2.8173,0.05069,91.21,97.0,False,False
1,1005,3.9745,10.3137,55.0,2.8225,0.0505,91.03,97.0,False,False
1,1006,3.9688,11.1898,55.0,2.8161,0.04991,90.14,96.99,False,False
1,1007,4.0355,8.1489,55.0,2.8067,0.05073,89.66,96.99,False,False
1,1008,4.0724,5.7605,55.0,2.8088,0.04999,90.54,96.98,False,False
1,1009,4.1459,2.3454,54.94,2.8046,0.05085,90.07,96.98,False,False
1,1010,4.0863,4.6773,54.91,2.8079,0.05001,90.78,96.98,False,False
1,1011,4.1136,2.4025,55.0,2.8221,0.05017,90.93,96.98,False,False
1,1012,4.0264,7.7297,55.0,2.8201,0.05032,90.24,96.97,False,False
1,1013,4.0911,3.782,55.0,2.8118,0.05009,91.3,96.97,False,False
1,1014,4.0168,7.9224,55.0,2.8145,0.05062,91.35,96.97,False,False
1,1015,4.0489,6.3922,55.0,2.8103,0.04995,89.82,96.97,False,False
1,1016,4.0218,8.7357,55.0,2.8157,0.05007,91.35,96.96,False,False
1,1017,3.9563,11.7639,55.0,2.8122,0.05085,89.48,96.96,False,False
1,1018,4.075,4.5018,55.0,2.8187,0.05016,89.45,96.96,False,False
1,1019,3.9861,11.2788,55.0,2.814,0.05042,89.79,96.95,False,False
1,1020,3.9981,10.8493,55.0,2.8164,0.0506,89.61,96.95,False,False
1,1021,4.0287,9.2485,55.0,2.8152,0.05025,90.93,96.94,False,False
1,1022,4.0228,8.5271,55.0,2.8073,0.04999,89.99,96.94,False,False
1,1023,3.9485,11.7979,55.0,2.8164,0.05006,89.99,96.94,False,False
1,1024,4.0211,8.3434,55.0,2.8173,0.05022,91.43,96.93,False,False
1,1025,3.9866,11.5194,55.0,2.8089,0.05084,89.75,96.93,False,False
1,1026,4.0339,9.1965,55.0,2.8101,0.05011,90.37,96.93,False,False
1,1027,4.0054,10.9041,55.0,2.8179,0.05035,90.83,96.92,False,False
1,1028,4.055,8.1704,55.0,2.8129,0.05033,89.99,96.92,False,False
1,1029,4.0249,7.2502,55.0,2.8028,0.05058,91.42,96.92,False,False
1,1030,4.087,5.167,55.0,2.8086,0.05019,90.26,96.92,False,False
1,1031,4.0247,9.1868,55.0,2.8058,0.05088,91.12,96.91,False,False
1,1032,4.0913,4.6536,55.0,2.8203,0.05074,90.1,96.91,False,False
1,1033,4.0903,5.5358,55.0,2.814,0.05008,90.52,96.91,False,False
1,1034,4.0077,9.1444,55.0,2.8197,0.05015,91.19,96.9,False,False
1,1035,4.0077,10.1839,55.0,2.8039,0.05006,89.82,96.9,False,False
1,1036,4.0623,5.8556,55.0,2.806,0.05074,90.12,96.9,False,False
1,1037,3.9944,10.9617,55.0,2.8036,0.05096,89.64,96.9,False,False
1,1038,4.0079,8.9326,55.0,2.8085,0.05069,89.79,96.89,False,False
1,1039,4.0755,4.9981,55.0,2.8121,0.05074,90.54,96.89,False,False
1,1040,3.9724,10.6873,55.0,2.8196,0.05002,89.52,96.89,False,False
1,1041,4.1508,2.6241,54.96,2.8136,0.0504,90.13,96.89,False,False
1,1042,4.0232,9.3498,55.0,2.8162,0.05091,90.3,96.88,False,False
1,1043,4.1136,3.7326,55.0,2.8162,0.05023,89.85,96.88,False,False
1,1044,3.9779,11.4174,55.0,2.8075,0.051,90.31,96.88,False,False
1,1045,3.9918,10.7772,55.0,2.8189,0.05048,89.98,96.87,False,False
1,1046,4.0051,8.5926,55.0,2.8098,0.05024,91.05,96.87,False,False
1,1047,4.0581,6.2707,55.0,2.817,0.05022,89.55,96.87,False,False
1,1048,4.0937,4.9833,55.0,2.8111,0.05007,90.14,96.86,False,False
1,1049,4.0678,6.7894,55.0,2.818,0.05064,91.26,96.86,False,False
1,1050,3.9834,10.1832,55.0,2.8079,0.05056,91.04,96.86,False,False
1,1051,4.0031,10.7536,55.0,2.8147,0.05029,90.83,96.86,False,False
1,1052,4.1283,2.1252,54.93,2.8173,0.05073,90.94,96.85,False,False
1,1053,4.0327,7.3434,55.0,2.8009,0.05093,89.85,96.85,False,False
1,1054,4.1299,2.8867,55.0,2.8184,0.05055,90.13,96.84,False,False
1,1055,4.0823,5.3142,55.0,2.8105,0.05078,90.9,96.84,False,False
1,1056,3.9791,10.2704,55.0,2.8067,0.05085,90.84,96.84,False,False
1,1057,4.01,8.1074,55.0,2.8114,0.05014,91.08,96.83,False,False
1,1058,4.1042,5.42,55.0,2.8059,0.05037,89.73,96.83,False,False
1,1059,4.1101,3.3689,55.0,2.8131,0.05008,89.82,96.83,False,False
1,1060,4.1044,4.6907,55.0,2.8021,0.05094,89.79,96.83,False,False
1,1061,3.998,9.8352,55.0,2.8036,0.0505,91.09,96.82,False,False
1,1062,4.123,3.1125,55.0,2.8141,0.05094,90.92,96.82,False,False
1,1063,4.0919,4.862,55.0,2.8134,0.05049,90.56,96.82,False,False
1,1064,3.9935,11.1069,55.0,2.8119,0.05083,91.25,96.82,False,False
1,1065,4.0471,7.4886,55.0,2.7979,0.0505,91.19,96.82,False,False
1,1066,4.0994,5.7838,55.0,2.8111,0.0504,89.83,96.81,False,False
1,1067,4.1042,3.3521,55.0,2.8131,0.05022,89.62,96.81,False,False
1,1068,4.0227,7.998,55.0,2.8127,0.05071,91.05,96.81,False,False
1,1069,4.0326,8.4229,55.0,2.803,0.05051,89.65,96.8,False,False
1,1070,4.0052,8.9417,55.0,2.7981,0.05084,90.67,96.8,False,False
1,1071,4.1126,4.3672,55.0,2.7988,0.0507,90.68,96.8,False,False
1,1072,4.0272,7.3623,55.0,2.8021,0.0506,91.42,96.8,False,False
1,1073,4.0009,11.1547,55.0,2.8021,0.05105,90.63,96.79,False,False
1,1074,3.9498,11.7842,55.0,2.8015,0.0502,90.12,96.79,False,False
1,1075,3.991,10.9825,55.0,2.7996,0.0508,91.19,96.79,False,False
1,1076,4.0475,8.1635,55.0,2.8097,0.05107,90.07,96.78,False,False
1,1077,4.0366,7.7849,55.0,2.8078,0.05078,90.8,96.78,False,False
1,1078,3.9592,11.2302,55.0,2.805,0.05078,91.29,96.78,False,False
1,1079,3.9911,11.6896,55.0,2.8157,0.05036,89.89,96.77,False,False
1,1080,3.987,9.9509,55.0,2.8148,0.05103,89.68,96.77,False,False
1,1081,4.098,4.0455,55.0,2.8035,0.05107,89.73,96.77,False,False
1,1082,4.0114,8.3844,55.0,2.7968,0.05021,91.58,96.76,False,False
1,1083,4.0063,9.901,55.0,2.808,0.05108,91.3,96.76,False,False
1,1084,4.048,8.2412,55.0,2.8066,0.05027,90.95,96.76,False,False
1,1085,4.0367,8.8453,55.0,2.8056,0.05022,90.01,96.76,False,False
1,1086,4.01,8.2549,55.0,2.8132,0.05051,90.02,96.75,False,False
1,1087,4.0674,4.9766,55.0,2.8061,0.05105,90.8,96.75,False,False
1,1088,4.1562,2.1598,55.0,2.7992,0.05074,91.52,96.74,False,False
1,1089,4.136,3.0673,54.96,2.8118,0.05104,90.65,96.74,False,False
1,1090,4.0919,4.6886,55.0,2.8005,0.0502,90.75,96.73,False,False
1,1091,4.0053,9.7967,55.0,2.798,0.05043,91.22,96.73,False,False
1,1092,4.0427,8.1392,55.0,2.8067,0.05095,90.29,96.73,False,False
1,1093,3.9541,11.8832,55.0,2.8117,0.05066,90.59,96.72,False,False
1,1094,4.1082,3.6673,55.0,2.8094,0.05057,90.33,96.72,False,False
1,1095,4.0443,7.6804,55.0,2.8071,0.05046,90.51,96.72,False,False
1,1096,4.0813,5.2494,54.99,2.8145,0.05098,90.63,96.71,False,False
1,1097,4.03,6.9609,55.0,2.8131,0.0502,90.61,96.71,False,False
1,1098,4.0405,8.1835,55.0,2.7988,0.05022,90.31,96.71,False,False
1,1099,4.0264,8.4181,55.0,2.8121,0.05083,90.54,96.71,False,False
1,1100,4.0881,6.0015,55.0,2.8113,0.05081,90.07,96.7,False,False
1,1101,4.0483,7.842,55.0,2.8105,0.0511,90.27,96.7,False,False
1,1102,3.9733,10.8792,55.0,2.7943,0.05051,90.3,96.7,False,False
1,1103,4.0187,10.2195,55.0,2.8056,0.05071,91.17,96.7,False,False
1,1104,4.1354,2.2431,55.0,2.8026,0.05062,91.34,96.7,False,False
1,1105,3.9633,10.9691,55.0,2.8066,0.05045,91.58,96.69,False,False
1,1106,4.0911,5.3723,55.0,2.8089,0.05081,91.35,96.69,False,False
1,1107,4.1179,3.4899,55.0,2.8022,0.05106,90.21,96.69,False,False
1,1108,4.1321,2.2236,55.0,2.8044,0.05096,89.94,96.69,False,False
1,1109,4.0077,8.3943,55.0,2.7949,0.05051,91.58,96.68,False,False
1,1110,3.9952,10.0986,55.0,2.8001,0.05087,90.55,96.68,False,False
1,1111,3.9898,11.8619,55.0,2.8008,0.05025,90.24,96.68,False,False
1,1112,4.0231,8.5014,55.0,2.809,0.05047,90.26,96.68,False,False
1,1113,4.0084,9.0926,55.0,2.7961,0.0502,89.75,96.67,False,False
1,1114,4.0586,6.4079,55.0,2.8086,0.05048,91.23,96.67,False,False
1,1115,4.1159,4.8544,55.0,2.8111,0.05085,90.22,96.67,False,False
1,1116,3.9586,11.5526,55.0,2.8066,0.05088,91.12,96.66,False,False
1,1117,4.0661,6.9426,55.0,2.8081,0.0508,90.15,96.66,False,False
1,1118,3.9948,10.751,55.0,2.8055,0.05026,89.76,96.66,False,False
1,1119,4.0755,6.2749,55.0,2.7938,0.0505,91.14,96.66,False,False
1,1120,4.0977,3.3316,55.0,2.8095,0.05047,91.56,96.65,False,False
1,1121,4.1325,3.4137,55.0,2.8113,0.05027,91.33,96.65,False,False
1,1122,4.132,3.315,55.0,2.7985,0.05067,90.76,96.65,False,False
1,1123,4.0917,6.2162,55.0,2.7972,0.05024,90.35,96.65,False,False
1,1124,4.0159,9.7657,55.0,2.8036,0.05058,91.59,96.64,False,False
1,1125,4.1105,3.2781,54.97,2.8,0.05063,89.97,96.64,False,False
1,1126,3.9932,9.1812,55.0,2.799,0.05074,89.95,96.64,False,False
1,1127,3.9597,11.2447,55.0,2.8,0.05038,90.26,96.63,False,False
1,1128,3.9897,11.787,55.0,2.7981,0.0507,89.85,96.63,False,False
1,1129,4.062,7.7133,55.0,2.8101,0.05099,90.11,96.62,False,False
1,1130,4.0337,8.0722,55.0,2.8092,0.05117,90.24,96.62,False,False
1,1131,4.1069,4.9704,55.0,2.8099,0.05053,89.94,96.62,False,False
1,1132,3.9813,11.1077,55.0,2.8096,0.05036,91.21,96.61,False,False
1,1133,4.0704,6.531,55.0,2.8099,0.05094,90.66,96.61,False,False
1,1134,4.1353,3.6315,54.99,2.808,0.05113,90.25,96.61,False,False
1,1135,4.0091,9.9443,55.0,2.802,0.0503,90.04,96.6,False,False
1,1136,4.1094,5.296,55.0,2.8049,0.05116,90.16,96.6,False,False
1,1137,4.0613,6.412,55.0,2.7931,0.05113,91.66,96.6,False,False
1,1138,4.0979,4.7303,55.0,2.7955,0.05064,89.87,96.6,False,False
1,1139,4.0712,6.2015,55.0,2.792,0.05097,90.98,96.6,False,False
1,1140,4.0337,8.9267,55.0,2.792,0.05112,91.2,96.59,False,False
1,1141,3.9668,11.0145,55.0,2.797,0.05084,90.76,96.59,False,False
1,1142,3.9988,11.0075,55.0,2.8103,0.05112,91.01,96.59,False,False
1,1143,3.952,11.9256,55.0,2.7965,0.05036,90.15,96.58,False,False
1,1144,4.0553,6.9294,55.0,2.8018,0.05078,90.28,96.58,False,False
1,1145,4.1359,3.0459,55.0,2.7968,0.05081,90.03,96.58,False,False
1,1146,4.06,7.0687,55.0,2.7933,0.05049,91.57,96.58,False,False
1,1147,4.1036,2.9085,54.99,2.801,0.05053,91.68,96.57,False,False
1,1148,3.98,9.7538,55.0,2.7984,0.05077,90.17,96.57,False,False
1,1149,4.0083,9.9214,55.0,2.8007,0.05116,90.24,96.57,False,False
1,1150,4.1081,2.6705,54.94,2.7993,0.05089,90.3,96.56,False,False
1,1151,4.0069,9.2923,55.0,2.8022,0.05086,90.23,96.56,False,False
1,1152,4.0418,6.5442,55.0,2.7998,0.0508,90.28,96.56,False,False
1,1153,3.9869,10.3854,55.0,2.8048,0.05075,91.21,96.55,False,False
1,1154,4.0584,7.3754,55.0,2.7993,0.05076,91.48,96.55,False,False
1,1155,4.0385,8.1039,55.0,2.8032,0.05116,91.27,96.55,False,False
1,1156,3.9696,10.6573,55.0,2.7948,0.05099,90.51,96.55,False,False
1,1157,3.9481,11.7573,55.0,2.8022,0.05097,91.35,96.54,False,False
1,1158,4.1033,4.1141,55.0,2.7952,0.05053,91.02,96.54,False,False
1,1159,4.0727,6.3315,55.0,2.797,0.0512,90.7,96.53,False,False
1,1160,4.0502,6.0376,55.0,2.8083,0.05083,91.53,96.53,False,False
1,1161,4.0362,7.378,55.0,2.7921,0.05036,91.61,96.53,False,False
1,1162,3.9963,11.1504,55.0,2.807,0.05085,91.71,96.52,False,False
1,1163,4.0237,9.3604,55.0,2.7932,0.05109,91.66,96.52,False,False
1,1164,4.1276,2.3685,54.93,2.8018,0.05059,90.38,96.52,False,False
1,1165,3.9573,11.7928,55.0,2.7907,0.05086,90.83,96.51,False,False
1,1166,4.0104,8.1,55.0,2.8017,0.05084,91.43,96.51,False,False
1,1167,4.0668,5.7278,55.0,2.8071,0.05088,91.69,96.51,False,False
1,1168,4.0413,7.833,55.0,2.7956,0.05097,91.42,96.51,False,False
1,1169,3.995,10.9388,55.0,2.7972,0.05093,90.16,96.5,False,False
1,1170,4.0261,8.0473,55.0,2.8065,0.05052,91.48,96.5,False,False
1,1171,4.0656,5.4035,55.0,2.8043,0.05118,90.09,96.49,False,False
1,1172,4.1351,3.6677,55.0,2.8028,0.05115,91.44,96.49,False,False
1,1173,4.1219,4.0166,55.0,2.8018,0.05091,90.32,96.49,False,False
1,1174,3.9724,11.3689,55.0,2.7941,0.0506,90.61,96.48,False,False
1,1175,3.9501,11.4395,55.0,2.7891,0.05057,91.58,96.48,False,False
1,1176,4.0394,7.06,55.0,2.8041,0.05043,91.17,96.48,False,False
1,1177,4.1292,3.4867,54.97,2.7941,0.05079,90.32,96.47,False,False
1,1178,4.0308,8.992,55.0,2.7987,0.05116,91.72,96.47,False,False
1,1179,3.9741,11.7184,55.0,2.8053,0.05113,91.61,96.47,False,False
1,1180,3.9772,10.575,55.0,2.7889,0.05091,91.75,96.46,False,False
1,1181,4.0393,6.8772,55.0,2.7958,0.05052,91.45,96.46,False,False
1,1182,4.164,2.2703,55.0,2.798,0.05107,90.61,96.46,False,False
1,1183,4.0883,5.663,55.0,2.7953,0.05085,90.78,96.45,False,False
1,1184,4.037,7.1601,55.0,2.8058,0.05074,90.08,96.45,False,False
1,1185,3.9998,10.1712,55.0,2.7969,0.05116,89.92,96.45,False,False
1,1186,4.0682,6.795,55.0,2.791,0.05061,90.0,96.44,False,False
1,1187,4.0675,6.2516,55.0,2.7914,0.05062,90.44,96.44,False,False
1,1188,4.1136,4.7811,55.0,2.8033,0.05051,91.31,96.43,False,False
1,1189,4.0651,5.6143,55.0,2.8047,0.0507,89.93,96.43,False,False
1,1190,4.0297,7.324,55.0,2.7928,0.05066,90.66,96.43,False,False
1,1191,4.0717,6.8272,55.0,2.7917,0.0512,90.96,96.43,False,False
1,1192,4.1052,5.5015,55.0,2.7871,0.0511,91.46,96.43,False,False
1,1193,4.1092,4.6888,55.0,2.8047,0.05134,90.24,96.42,False,False
1,1194,4.0519,7.6704,55.0,2.7957,0.05071,89.93,96.42,False,False
1,1195,4.0551,5.8168,55.0,2.7875,0.05045,90.72,96.42,False,False
1,1196,3.9766,10.2273,55.0,2.7932,0.05117,90.45,96.41,False,False
1,1197,4.1235,3.2931,54.98,2.7979,0.05052,91.82,96.41,False,False
1,1198,4.0439,7.2126,55.0,2.7907,0.05077,91.59,96.41,False,False
1,1199,4.1198,3.2011,55.0,2.7874,0.05088,91.86,96.4,False,False
1,1200,4.0537,7.9299,55.0,2.7983,0.05124,90.55,96.4,False,False
1,1201,4.1446,3.3332,54.97,2.7931,0.05136,90.34,96.4,False,False
1,1202,3.9844,11.232,55.0,2.7918,0.05047,90.5,96.39,False,False
1,1203,4.0296,8.4562,55.0,2.7903,0.05085,91.12,96.39,False,False
1,1204,4.1583,2.5836,54.97,2.7988,0.05083,90.15,96.39,False,False
1,1205,3.9828,10.7055,55.0,2.8045,0.05118,91.18,96.39,False,False
1,1206,4.0292,7.4752,55.0,2.804,0.05086,90.14,96.38,False,False
1,1207,4.0999,3.1549,55.0,2.7972,0.05041,91.54,96.38,False,False
1,1208,4.0538,6.0712,55.0,2.7961,0.05092,91.72,96.38,False,False
1,1209,4.071,6.2547,55.0,2.7906,0.05117,90.63,96.37,False,False
1,1210,4.0335,8.41,55.0,2.7994,0.05107,90.35,96.37,False,False
1,1211,4.14,3.5721,55.0,2.799,0.0512,91.82,96.37,False,False
1,1212,4.0656,5.1109,55.0,2.7962,0.05072,90.9,96.36,False,False
1,1213,4.0602,6.8977,55.0,2.802,0.05043,90.41,96.36,False,False
1,1214,4.132,3.9996,55.0,2.7881,0.05129,90.2,96.36,False,False
1,1215,3.9981,9.165,55.0,2.7884,0.05091,91.39,96.36,False,False
1,1216,4.098,3.326,55.0,2.7893,0.05104,91.2,96.35,False,False
1,1217,4.0288,8.4945,55.0,2.7955,0.05127,91.06,96.35,False,False
1,1218,4.0802,4.6101,55.0,2.8,0.05076,90.47,96.35,False,False
1,1219,3.9811,10.8992,55.0,2.7933,0.05102,91.53,96.34,False,False
1,1220,4.0297,9.3211,55.0,2.7921,0.05094,91.03,96.34,False,False
1,1221,4.0362,7.441,55.0,2.7927,0.05129,91.63,96.34,False,False
1,1222,4.1263,3.2537,55.0,2.7841,0.05049,91.61,96.34,False,False
1,1223,4.0334,7.9997,55.0,2.7915,0.05143,91.05,96.34,False,False
1,1224,3.9529,11.325,55.0,2.7925,0.05055,90.96,96.33,False,False
1,1225,4.0754,4.5083,55.0,2.8035,0.05067,90.58,96.33,False,False
1,1226,4.1161,2.8364,55.0,2.8014,0.05134,90.34,96.33,False,False
1,1227,4.0835,5.0692,55.0,2.7897,0.05063,91.07,96.32,False,False
1,1228,4.1482,2.1498,55.0,2.7959,0.05135,91.31,96.32,False,False
1,1229,4.0445,6.4748,55.0,2.7841,0.05067,90.32,96.32,False,False
1,1230,4.0859,6.0046,55.0,2.7872,0.05106,91.57,96.31,False,False
1,1231,4.0906,5.5893,55.0,2.7877,0.0509,91.49,96.31,False,False
1,1232,3.9834,9.5992,55.0,2.7996,0.05054,90.66,96.31,False,False
1,1233,4.0672,5.9308,55.0,2.7933,0.05117,91.42,96.3,False,False
1,1234,3.9973,8.8521,55.0,2.793,0.05081,90.55,96.3,False,False
1,1235,4.0801,4.588,55.0,2.7835,0.05084,91.0,96.3,False,False
1,1236,4.0575,5.4861,55.0,2.7854,0.05097,91.17,96.29,False,False
1,1237,4.0183,7.7023,55.0,2.7963,0.05117,91.82,96.29,False,False
1,1238,4.1039,4.9794,55.0,2.7967,0.05123,91.92,96.28,False,False
1,1239,4.1365,3.4465,55.0,2.8008,0.05081,90.65,96.28,False,False
1,1240,4.1495,3.009,54.96,2.7993,0.05144,91.9,96.27,False,False
1,1241,3.9888,11.0864,55.0,2.7901,0.05074,90.16,96.27,False,False
1,1242,4.094,3.6404,55.0,2.7918,0.05093,90.38,96.27,False,False
1,1243,4.1419,3.4657,55.0,2.7824,0.05143,90.78,96.27,False,False
1,1244,4.1031,4.3609,55.0,2.7959,0.05074,90.61,96.27,False,False
1,1245,3.9638,10.6597,55.0,2.7959,0.05077,90.67,96.26,False,False
1,1246,4.1215,3.3699,55.0,2.791,0.0513,90.81,96.26,False,False
1,1247,4.0675,5.4856,55.0,2.7934,0.05099,91.7,96.25,False,False
1,1248,4.01,8.92,55.0,2.789,0.051,91.04,96.25,False,False
1,1249,4.1173,3.9556,55.0,2.799,0.05077,90.96,96.25,False,False
1,1250,4.0697,6.4813,55.0,2.7918,0.05065,90.87,96.25,False,False
1,1251,4.0496,8.4407,55.0,2.7832,0.05136,91.37,96.24,False,False
1,1252,3.9984,9.5101,55.0,2.7827,0.05095,90.46,96.24,False,False
1,1253,4.0257,8.933,55.0,2.7971,0.05054,90.59,96.24,False,False
1,1254,3.9807,11.3301,55.0,2.7859,0.05058,91.6,96.24,False,False
1,1255,4.0243,8.9868,55.0,2.7925,0.05052,90.3,96.23,False,False
1,1256,4.1234,2.4472,55.0,2.7823,0.05072,90.39,96.23,False,False
1,1257,4.0497,6.6875,55.0,2.7961,0.05093,90.61,96.22,False,False
1,1258,4.11,2.5581,55.0,2.7928,0.05125,90.72,96.22,False,False
1,1259,4.0323,9.324,55.0,2.7825,0.05102,91.79,96.22,False,False
1,1260,4.1094,3.0378,55.0,2.7872,0.05091,90.05,96.21,False,False
1,1261,4.0256,9.4047,55.0,2.7982,0.05123,90.27,96.21,False,False
1,1262,4.0191,8.2527,55.0,2.7847,0.05121,91.07,96.21,False,False
1,1263,4.1139,4.2476,55.0,2.7804,0.05104,90.32,96.2,False,False
1,1264,4.0775,4.4114,55.0,2.7822,0.05069,90.67,96.2,False,False
1,1265,4.0891,4.4716,55.0,2.7822,0.05109,90.91,96.2,False,False
1,1266,4.0531,7.2363,55.0,2.7967,0.05129,91.68,96.2,False,False
1,1267,4.0279,8.3052,55.0,2.7876,0.05129,91.64,96.19,False,False
1,1268,4.011,9.9392,55.0,2.7887,0.05113,90.76,96.19,False,False
1,1269,4.0282,8.8416,55.0,2.7871,0.05148,90.5,96.19,False,False
1,1270,4.1412,3.1202,54.98,2.7888,0.05086,90.08,96.19,False,False
1,1271,4.1269,3.0093,55.0,2.7992,0.05117,91.9,96.18,False,False
1,1272,4.0473,8.261,55.0,2.7984,0.05119,91.26,96.18,False,False
1,1273,4.0717,7.2698,55.0,2.7901,0.05066,90.1,96.18,False,False
1,1274,4.1376,3.6372,55.0,2.7925,0.0508,91.36,96.17,False,False
1,1275,3.9808,9.7855,55.0,2.7829,0.05063,91.99,96.17,False,False
1,1276,4.0146,8.8831,55.0,2.7918,0.0514,91.61,96.17,False,False
1,1277,4.1083,5.1903,55.0,2.7957,0.05148,91.33,96.17,False,False
1,1278,4.0273,7.5324,55.0,2.7939,0.05111,90.11,96.16,False,False
1,1279,4.149,2.0155,55.0,2.7901,0.05135,90.87,96.16,False,False
1,1280,3.9886,10.222,55.0,2.7979,0.05111,91.47,96.16,False,False
1,1281,4.063,7.5552,55.0,2.7883,0.05152,91.8,96.15,False,False
1,1282,3.985,10.8608,55.0,2.7799,0.05096,90.86,96.15,False,False
1,1283,4.033,8.7293,55.0,2.7811,0.05079,91.55,96.15,False,False
1,1284,4.0438,6.4918,55.0,2.7972,0.0512,91.85,96.14,False,False
1,1285,4.0652,6.4278,55.0,2.783,0.05143,90.36,96.14,False,False
1,1286,4.012,8.1033,55.0,2.7813,0.05144,90.94,96.14,False,False
1,1287,4.0006,10.6881,55.0,2.7867,0.05112,90.79,96.14,False,False
1,1288,4.0651,6.2168,55.0,2.7963,0.05116,91.44,96.13,False,False
1,1289,4.1085,3.1664,55.0,2.7826,0.05087,90.78,96.13,False,False
1,1290,4.0366,8.5848,55.0,2.7852,0.05081,90.6,96.13,False,False
1,1291,4.148,2.8253,55.0,2.7905,0.051,91.73,96.13,False,False
1,1292,4.0443,8.3852,55.0,2.7884,0.05143,90.13,96.12,False,False
1,1293,4.0908,5.9034,55.0,2.794,0.05075,91.31,96.12,False,False
1,1294,3.9886,10.831,55.0,2.7936,0.0513,90.76,96.12,False,False
1,1295,4.0918,3.7249,55.0,2.7883,0.05129,91.86,96.12,False,False
1,1296,4.1113,3.5982,54.95,2.782,0.05109,91.94,96.11,False,False
1,1297,4.0996,5.026,54.95,2.7775,0.05071,91.81,96.11,False,False
1,1298,3.9879,11.5891,55.0,2.7864,0.05134,91.89,96.11,False,False
1,1299,4.0108,9.2879,55.0,2.7891,0.05123,90.91,96.1,False,False
1,1300,4.0531,7.7082,55.0,2.7926,0.05131,91.01,96.1,False,False
1,1301,4.0337,7.2031,55.0,2.7923,0.05142,91.78,96.09,False,False
1,1302,4.0013,10.5962,55.0,2.7789,0.05148,91.26,96.09,False,False
1,1303,4.1134,3.3066,55.0,2.791,0.05116,92.07,96.09,False,False
1,1304,3.9669,10.8625,55.0,2.7955,0.05109,91.01,96.09,False,False
1,1305,3.9905,11.4564,55.0,2.783,0.05088,90.47,96.08,False,False
1,1306,4.0652,5.1588,54.99,2.786,0.05109,90.21,96.08,False,False
1,1307,4.1,3.8622,55.0,2.7784,0.0511,90.37,96.08,False,False
1,1308,3.9823,9.8122,55.0,2.7819,0.05137,91.05,96.08,False,False
1,1309,4.1482,2.6739,55.0,2.7955,0.05109,91.24,96.07,False,False
1,1310,4.0964,3.9189,55.0,2.7957,0.05083,90.76,96.07,False,False
1,1311,4.0781,4.2882,55.0,2.7815,0.05142,90.86,96.06,False,False
1,1312,4.1399,3.4777,55.0,2.7793,0.05077,90.18,96.06,False,False
1,1313,3.9894,10.4982,55.0,2.7901,0.05107,90.51,96.06,False,False
1,1314,3.9814,9.6958,55.0,2.7891,0.05106,90.35,96.05,False,False
1,1315,4.0695,5.3488,55.0,2.7939,0.05102,91.27,96.05,False,False
1,1316,4.1124,4.8231,55.0,2.7788,0.05093,90.4,96.05,False,False
1,1317,4.112,3.7976,55.0,2.7765,0.05106,91.42,96.05,False,False
1,1318,4.1072,4.6744,55.0,2.7885,0.0512,91.92,96.04,False,False
1,1319,3.9933,9.7109,55.0,2.7773,0.05076,91.67,96.04,False,False
1,1320,4.0432,8.3503,55.0,2.7881,0.05073,91.87,96.04,False,False
1,1321,3.9793,10.0092,55.0,2.79,0.05105,90.56,96.03,False,False
1,1322,4.1196,4.3886,55.0,2.7775,0.0515,91.22,96.03,False,False
1,1323,4.1316,3.5046,54.98,2.7784,0.0513,91.27,96.03,False,False
1,1324,3.9712,11.6886,55.0,2.7879,0.05108,91.61,96.03,False,False
1,1325,4.0737,7.1866,55.0,2.7778,0.05107,92.02,96.02,False,False
1,1326,4.0258,7.5563,55.0,2.7882,0.05139,90.38,96.02,False,False
1,1327,4.0365,7.7499,55.0,2.78,0.05126,91.44,96.02,False,False
1,1328,3.9582,11.3252,55.0,2.7905,0.05149,90.58,96.01,False,False
1,1329,4.0788,5.5135,55.0,2.775,0.05143,92.1,96.01,False,False
1,1330,3.9651,11.1132,55.0,2.789,0.05163,91.79,96.01,False,False
1,1331,4.0876,5.4122,55.0,2.7786,0.05083,92.19,96.01,False,False
1,1332,4.0208,7.5015,55.0,2.7906,0.0515,90.67,96.0,False,False
1,1333,4.0817,5.1263,55.0,2.7792,0.05099,92.06,96.0,False,False
1,1334,4.0999,5.4595,55.0,2.7898,0.05103,91.38,95.99,False,False
1,1335,4.0779,4.4856,55.0,2.783,0.0514,91.2,95.99,False,False
1,1336,4.1213,2.6742,55.0,2.7882,0.05141,92.18,95.99,False,False
1,1337,4.0948,3.4188,55.0,2.7923,0.051,90.46,95.99,False,False
1,1338,4.064,6.2747,55.0,2.7887,0.05118,90.8,95.98,False,False
1,1339,4.1293,2.9832,55.0,2.7859,0.05101,91.09,95.98,False,False
1,1340,3.9775,10.7515,55.0,2.7933,0.05132,91.91,95.98,False,False
1,1341,4.1338,2.8327,55.0,2.7823,0.0512,90.42,95.97,False,False
1,1342,4.035,8.3729,55.0,2.7925,0.05103,91.71,95.97,False,False
1,1343,4.0796,5.1625,54.99,2.7818,0.05131,90.45,95.97,False,False
1,1344,4.0088,8.6931,55.0,2.7863,0.05112,91.87,95.97,False,False
1,1345,4.0935,5.6318,55.0,2.7775,0.05143,92.07,95.97,False,False
1,1346,3.99,9.3332,55.0,2.7774,0.05126,90.75,95.96,False,False
1,1347,3.9708,10.691,55.0,2.7751,0.05152,91.54,95.96,False,False
1,1348,4.0719,4.8268,55.0,2.7766,0.05077,92.04,95.95,False,False
1,1349,3.9725,10.6924,55.0,2.7919,0.05083,91.85,95.95,False,False
1,1350,4.0914,6.1213,55.0,2.7828,0.05144,90.75,95.94,False,False
1,1351,4.0138,8.5165,55.0,2.7921,0.05123,90.93,95.94,False,False
1,1352,4.0138,10.4766,55.0,2.7853,0.05096,91.79,95.94,False,False
1,1353,4.069,6.5294,55.0,2.7735,0.05088,91.07,95.94,False,False
1,1354,4.1065,5.1683,55.0,2.7754,0.05154,90.96,95.93,False,False
1,1355,4.0855,3.8612,55.0,2.782,0.05133,92.11,95.93,False,False
1,1356,3.9926,10.898,55.0,2.7724,0.05124,91.63,95.92,False,False
1,1357,4.0235,8.0181,55.0,2.7765,0.05149,91.87,95.92,False,False
1,1358,4.108,4.9147,55.0,2.7728,0.05114,92.26,95.92,False,False
1,1359,4.1086,4.5363,55.0,2.7894,0.05155,91.05,95.91,False,False
1,1360,4.0254,7.4566,55.0,2.7911,0.05126,90.96,95.91,False,False
1,1361,4.0749,5.2496,54.98,2.7837,0.0511,90.85,95.91,False,False
1,1362,4.0764,5.1629,55.0,2.7798,0.05082,90.78,95.9,False,False
1,1363,4.0615,7.6714,55.0,2.7727,0.05086,92.06,95.9,False,False
1,1364,3.9515,11.9415,55.0,2.7858,0.0512,90.72,95.9,False,False
1,1365,4.0534,7.2767,55.0,2.7774,0.0511,91.37,95.89,False,False
1,1366,4.039,7.8075,55.0,2.771,0.05135,90.41,95.89,False,False
1,1367,3.9791,11.0119,55.0,2.7851,0.05159,90.56,95.89,False,False
1,1368,4.094,4.6161,55.0,2.7808,0.05155,91.22,95.89,False,False
1,1369,3.9539,11.3075,55.0,2.7759,0.05128,90.97,95.88,False,False
1,1370,4.11,4.4827,54.97,2.784,0.05104,90.62,95.88,False,False
1,1371,3.9883,11.6787,55.0,2.7817,0.05131,90.81,95.88,False,False
1,1372,4.0715,6.7255,55.0,2.7885,0.05158,90.88,95.87,False,False
1,1373,4.121,3.4092,55.0,2.7868,0.05107,91.36,95.87,False,False
1,1374,4.0539,7.6177,55.0,2.772,0.05166,90.71,95.87,False,False
1,1375,4.0768,6.7815,55.0,2.7891,0.05179,90.59,95.87,False,False
1,1376,4.0865,4.209,55.0,2.771,0.05129,90.93,95.86,False,False
1,1377,4.1487,2.2195,54.96,2.7732,0.05153,90.47,95.86,False,False
1,1378,4.072,4.7962,55.0,2.7783,0.05173,92.09,95.86,False,False
1,1379,4.028,7.5229,55.0,2.7743,0.0509,90.86,95.85,False,False
1,1380,3.9891,10.1853,55.0,2.7704,0.05149,91.77,95.85,False,False
1,1381,4.1648,2.1397,55.0,2.7827,0.0513,91.78,95.85,False,False
1,1382,4.1064,4.9613,55.0,2.7741,0.05095,91.69,95.84,False,False
1,1383,3.9794,10.2854,55.0,2.7889,0.05161,91.75,95.84,False,False
1,1384,3.9958,10.7699,55.0,2.7861,0.05107,90.68,95.84,False,False
1,1385,4.0642,7.0755,55.0,2.7776,0.05123,91.97,95.83,False,False
1,1386,4.0698,5.6142,55.0,2.7802,0.05085,91.98,95.83,False,False
1,1387,3.9751,10.5889,55.0,2.7808,0.05179,91.95,95.83,False,False
1,1388,4.0481,7.7548,55.0,2.7753,0.05102,91.2,95.82,False,False
1,1389,4.0267,9.4398,55.0,2.7856,0.05184,91.35,95.82,False,False
1,1390,3.9874,11.0556,55.0,2.7817,0.05128,91.42,95.82,False,False
1,1391,4.1232,3.458,55.0,2.7781,0.05157,91.54,95.82,False,False
1,1392,4.0947,3.7452,55.0,2.7816,0.05133,91.66,95.81,False,False
1,1393,4.1514,2.0591,55.0,2.785,0.05113,91.81,95.81,False,False
1,1394,4.0104,8.4963,55.0,2.7731,0.05129,92.11,95.81,False,False
1,1395,4.0469,8.387,55.0,2.7776,0.05115,91.32,95.8,False,False
1,1396,4.0171,10.4005,55.0,2.7846,0.05179,91.73,95.8,False,False
1,1397,4.1327,3.984,55.0,2.7791,0.05167,92.14,95.8,False,False
1,1398,4.0227,8.6867,55.0,2.7852,0.05163,90.74,95.79,False,False
1,1399,4.0191,9.8979,55.0,2.786,0.05139,91.47,95.79,False,False
1,1400,4.0541,6.6553,55.0,2.7876,0.05167,90.74,95.79,False,False
1,1401,4.0895,5.641,55.0,2.7773,0.05101,90.64,95.79,False,False
1,1402,4.0932,4.5973,55.0,2.7711,0.05121,91.06,95.79,False,False
1,1403,4.0939,6.0013,55.0,2.7714,0.05178,91.16,95.78,False,False
1,1404,4.0861,3.9164,55.0,2.7734,0.05149,91.76,95.78,False,False
1,1405,4.086,5.0555,54.98,2.7767,0.05121,91.25,95.77,False,False
1,1406,4.1087,3.2935,54.94,2.779,0.05127,90.78,95.77,False,False
1,1407,3.9839,10.1201,55.0,2.7764,0.05093,91.95,95.77,False,False
1,1408,3.9831,11.5412,55.0,2.7814,0.05148,91.82,95.77,False,False
1,1409,3.9964,10.5851,55.0,2.7674,0.05148,91.78,95.77,False,False
1,1410,4.0633,6.9548,55.0,2.7845,0.05156,91.52,95.77,False,False
1,1411,4.1534,2.8217,55.0,2.7833,0.05133,90.92,95.76,False,False
1,1412,4.1222,4.4469,55.0,2.7748,0.05105,91.33,95.76,False,False
1,1413,3.967,10.7251,55.0,2.769,0.0518,91.63,95.76,False,False
1,1414,4.0634,6.8859,55.0,2.7854,0.05181,90.57,95.75,False,False
1,1415,4.0176,10.0504,55.0,2.7722,0.0518,91.44,95.75,False,False
1,1416,4.1379,3.6027,55.0,2.7803,0.05124,90.81,95.75,False,False
1,1417,3.9853,9.7845,55.0,2.7726,0.05138,91.12,95.74,False,False
1,1418,4.1184,3.6452,54.98,2.7701,0.05183,91.65,95.74,False,False
1,1419,4.0173,8.9869,55.0,2.7791,0.05167,91.34,95.73,False,False
1,1420,4.0695,5.1778,54.98,2.7768,0.05109,91.19,95.73,False,False
1,1421,4.0848,5.7834,54.99,2.7754,0.05123,90.91,95.73,False,False
1,1422,3.9544,11.5111,55.0,2.7805,0.05099,91.83,95.72,False,False
1,1423,4.0671,7.514,55.0,2.7713,0.05116,90.47,95.72,False,False
1,1424,4.0213,9.0438,55.0,2.7791,0.05097,91.77,95.72,False,False
1,1425,3.9658,11.6562,55.0,2.7822,0.05107,90.56,95.72,False,False
1,1426,3.9547,11.3753,55.0,2.7711,0.05149,92.39,95.71,False,False
1,1427,4.1517,2.4568,54.96,2.7766,0.05177,91.9,95.71,False,False
1,1428,4.1264,2.2665,55.0,2.7717,0.05107,92.35,95.71,False,False
1,1429,4.0631,7.7524,55.0,2.7656,0.05106,90.99,95.7,False,False
1,1430,4.0281,8.289,55.0,2.7795,0.05096,91.81,95.7,False,False
1,1431,4.1292,3.7132,55.0,2.7792,0.05191,91.11,95.7,False,False
1,1432,4.0565,7.9666,55.0,2.7833,0.0518,91.15,95.69,False,False
1,1433,3.997,10.6699,55.0,2.7748,0.05137,92.44,95.69,False,False
1,1434,4.0797,6.6029,55.0,2.7758,0.05132,90.95,95.69,False,False
1,1435,4.107,4.5539,55.0,2.7808,0.05114,91.25,95.68,False,False
1,1436,3.9786,10.1519,55.0,2.7805,0.05145,91.43,95.68,False,False
1,1437,4.0157,8.5779,55.0,2.7775,0.05141,91.17,95.68,False,False
1,1438,4.066,4.9663,55.0,2.767,0.05126,91.03,95.67,False,False
1,1439,4.0879,3.8768,55.0,2.7714,0.05194,92.11,95.67,False,False
1,1440,3.9873,10.0688,55.0,2.768,0.05154,91.84,95.67,False,False
1,1441,4.0954,4.2973,55.0,2.7708,0.0513,91.59,95.66,False,False
1,1442,4.0419,7.3619,55.0,2.7643,0.05114,91.38,95.66,False,False
1,1443,4.1048,3.983,55.0,2.7814,0.05184,92.15,95.66,False,False
1,1444,4.0462,6.7137,55.0,2.7793,0.05149,91.52,95.65,False,False
1,1445,3.9909,10.5924,55.0,2.7649,0.05102,91.79,95.65,False,False
1,1446,3.9634,10.9064,55.0,2.7738,0.05175,90.85,95.65,False,False
1,1447,4.1346,3.609,54.96,2.7719,0.05111,91.06,95.65,False,False
1,1448,4.0058,10.3266,55.0,2.7675,0.0514,91.47,95.64,False,False
1,1449,4.0237,8.61,55.0,2.7797,0.05116,91.91,95.64,False,False
1,1450,4.0751,5.0289,55.0,2.7813,0.05137,91.43,95.64,False,False
1,1451,4.1512,2.8177,55.0,2.7644,0.05184,91.95,95.63,False,False
1,1452,3.9694,11.1953,55.0,2.7726,0.05133,92.1,95.63,False,False
1,1453,4.041,8.3937,55.0,2.7825,0.05115,91.1,95.63,False,False
1,1454,4.1276,4.1243,54.97,2.7633,0.05139,91.19,95.62,False,False
1,1455,4.0034,9.6411,55.0,2.7739,0.05166,92.27,95.62,False,False
1,1456,4.1451,2.3423,55.0,2.773,0.0512,91.04,95.62,False,False
1,1457,3.993,9.7936,55.0,2.7651,0.05176,90.73,95.61,False,False
1,1458,4.0209,8.4771,55.0,2.7698,0.05185,91.03,95.61,False,False
1,1459,4.1061,4.7886,55.0,2.7795,0.05199,90.72,95.61,False,False
1,1460,4.0916,6.2491,55.0,2.7806,0.05161,91.54,95.6,False,False
1,1461,4.078,5.2152,55.0,2.7787,0.05124,91.6,95.6,False,False
1,1462,4.0984,3.363,55.0,2.7733,0.05164,92.39,95.6,False,False
1,1463,4.0312,7.2876,55.0,2.7709,0.05151,91.66,95.59,False,False
1,1464,3.9831,9.7229,55.0,2.7684,0.0511,91.07,95.59,False,False
1,1465,4.1431,2.3471,55.0,2.773,0.05159,91.5,95.59,False,False
1,1466,4.0339,8.208,55.0,2.7718,0.05162,91.86,95.58,False,False
1,1467,4.1074,2.9489,55.0,2.7717,0.05164,91.84,95.58,False,False
1,1468,4.0733,5.5675,55.0,2.7751,0.05144,92.31,95.58,False,False
1,1469,3.9862,11.5243,55.0,2.772,0.05159,91.53,95.58,False,False
1,1470,3.9745,10.3843,55.0,2.7806,0.05185,92.05,95.57,False,False
1,1471,4.0288,7.9975,55.0,2.7625,0.05197,91.53,95.57,False,False
1,1472,4.1226,2.9089,54.98,2.7721,0.05175,90.93,95.57,False,False
1,1473,3.9999,11.2681,55.0,2.7796,0.05137,91.58,95.56,False,False
1,1474,4.1029,5.0865,55.0,2.7735,0.05115,90.9,95.56,False,False
1,1475,4.1068,3.8606,55.0,2.7766,0.05148,92.14,95.56,False,False
1,1476,4.0096,8.9036,55.0,2.7799,0.0514,92.49,95.56,False,False
1,1477,4.1604,2.1548,55.0,2.7807,0.05118,90.79,95.55,False,False
1,1478,4.0147,8.4678,55.0,2.7758,0.05119,91.5,95.55,False,False
1,1479,4.1415,2.3191,55.0,2.7808,0.05147,91.85,95.55,False,False
1,1480,4.1237,3.8383,55.0,2.7718,0.05112,90.66,95.54,False,False
1,1481,4.015,8.6811,55.0,2.7652,0.05177,91.32,95.54,False,False
1,1482,4.0726,5.0794,55.0,2.772,0.05145,91.78,95.53,False,False
1,1483,4.0415,6.5777,55.0,2.7687,0.05166,90.91,95.53,False,False
1,1484,4.0816,6.6547,55.0,2.7666,0.05123,92.39,95.53,False,False
1,1485,4.0054,9.8387,55.0,2.7625,0.05179,91.38,95.53,False,False
1,1486,4.0955,5.3348,55.0,2.7793,0.05137,91.32,95.52,False,False
1,1487,4.0922,3.5695,54.97,2.7656,0.05141,90.86,95.52,False,False
1,1488,4.0057,10.2234,55.0,2.7798,0.05116,91.71,95.52,False,False
1,1489,3.9928,9.3606,55.0,2.7644,0.05172,91.52,95.52,False,False
1,1490,4.1194,4.3473,55.0,2.7613,0.05153,91.12,95.51,False,False
1,1491,4.0989,3.9718,55.0,2.7772,0.05188,91.52,95.51,False,False
1,1492,4.114,3.0911,55.0,2.7618,0.0519,92.41,95.51,False,False
1,1493,3.9867,11.4648,55.0,2.7795,0.05186,91.04,95.51,False,False
1,1494,4.0579,7.0539,55.0,2.7708,0.05172,91.57,95.5,False,False
1,1495,4.112,2.7734,55.0,2.7696,0.05127,91.78,95.5,False,False
1,1496,4.0635,7.2472,55.0,2.7611,0.05129,90.73,95.5,False,False
1,1497,4.0693,6.7649,55.0,2.7745,0.05117,92.4,95.49,False,False
1,1498,4.1389,2.8854,55.0,2.76,0.05155,91.0,95.49,False,False
1,1499,4.1154,2.6555,55.0,2.7762,0.05187,91.13,95.49,False,False
1,1500,4.0911,6.2976,55.0,2.7741,0.05145,90.87,95.49,False,False
1,1501,4.0171,10.0829,55.0,2.7602,0.05118,91.8,95.48,False,False
1,1502,3.9937,10.21,55.0,2.7734,0.0521,92.16,95.48,False,False
1,1503,3.9608,11.5985,55.0,2.7633,0.05152,91.62,95.48,False,False
1,1504,4.0476,8.4812,55.0,2.7714,0.05183,90.9,95.47,False,False
1,1505,4.0039,9.0725,55.0,2.769,0.05179,92.05,95.47,False,False
1,1506,4.0334,7.1588,55.0,2.7661,0.05128,92.3,95.47,False,False
1,1507,4.1256,4.2572,54.99,2.77,0.05129,91.75,95.47,False,False
1,1508,4.0212,7.8612,55.0,2.7697,0.05177,92.33,95.46,False,False
1,1509,4.0999,5.7879,55.0,2.7612,0.05139,92.43,95.46,False,False
1,1510,3.9693,11.5911,55.0,2.7694,0.0521,90.76,95.46,False,False
1,1511,4.1174,2.9806,55.0,2.76,0.05175,91.95,95.45,False,False
1,1512,4.0964,4.9865,54.98,2.7666,0.05156,90.96,95.45,False,False
1,1513,4.0082,10.2556,55.0,2.765,0.05208,92.13,95.45,False,False
1,1514,4.0645,5.9397,55.0,2.7724,0.05181,92.37,95.44,False,False
1,1515,4.0584,6.7314,55.0,2.7605,0.05197,91.08,95.44,False,False
1,1516,4.051,7.4316,55.0,2.7694,0.05139,91.75,95.44,False,False
1,1517,4.0721,5.6465,55.0,2.7716,0.05175,92.45,95.44,False,False
1,1518,4.0928,5.8652,55.0,2.7576,0.0513,90.98,95.43,False,False
1,1519,4.163,2.0079,54.95,2.7578,0.05163,92.26,95.43,False,False
1,1520,4.1414,2.5124,55.0,2.7757,0.05153,91.16,95.43,False,False
1,1521,3.971,11.2811,55.0,2.7714,0.05153,91.14,95.43,False,False
1,1522,4.1342,2.9803,55.0,2.7596,0.05195,91.13,95.43,False,False
1,1523,4.0043,9.825,55.0,2.7714,0.05214,91.28,95.42,False,False
1,1524,4.1099,4.1062,55.0,2.777,0.05119,91.94,95.42,False,False
1,1525,4.0324,7.7656,55.0,2.7632,0.05151,92.59,95.41,False,False
1,1526,4.1168,3.3125,55.0,2.7674,0.05195,91.02,95.41,False,False
1,1527,3.9854,11.6785,55.0,2.7735,0.05204,92.62,95.41,False,False
1,1528,4.0654,5.8187,55.0,2.7632,0.05134,91.66,95.41,False,False
1,1529,4.0521,7.5431,55.0,2.7699,0.05147,91.66,95.4,False,False
1,1530,4.0756,6.6682,55.0,2.7611,0.05211,91.16,95.4,False,False
1,1531,4.0096,9.7179,55.0,2.7668,0.05163,90.86,95.4,False,False
1,1532,4.0058,8.425,55.0,2.7594,0.05135,92.22,95.39,False,False
1,1533,3.9832,10.3081,55.0,2.7628,0.05198,92.56,95.39,False,False
1,1534,4.1386,3.139,55.0,2.7591,0.0512,91.11,95.39,False,False
1,1535,3.97,10.8823,55.0,2.761,0.05206,91.09,95.38,False,False
1,1536,4.0096,8.9228,55.0,2.7733,0.05165,90.87,95.38,False,False
1,1537,4.0179,9.8232,55.0,2.7727,0.05196,90.76,95.38,False,False
1,1538,4.1123,3.1606,55.0,2.7703,0.0514,90.95,95.37,False,False
1,1539,4.0462,6.8355,55.0,2.7672,0.05121,90.97,95.37,False,False
1,1540,4.0008,8.6412,55.0,2.7748,0.05199,91.29,95.37,False,False
1,1541,4.0409,6.4251,55.0,2.7586,0.05166,91.94,95.36,False,False
1,1542,3.9608,11.4707,55.0,2.7579,0.05188,92.69,95.36,False,False
1,1543,4.0615,5.3288,55.0,2.7674,0.0513,92.63,95.35,False,False
1,1544,4.0707,6.0471,55.0,2.772,0.05167,90.76,95.35,False,False
1,1545,4.036,6.9589,55.0,2.7563,0.05169,91.77,95.35,False,False
1,1546,4.1196,4.5508,54.98,2.7701,0.05164,91.1,95.35,False,False
1,1547,4.0597,7.8606,55.0,2.7555,0.0513,92.13,95.34,False,False
1,1548,4.1208,2.3976,55.0,2.7565,0.05146,91.03,95.34,False,False
1,1549,4.0371,6.7895,55.0,2.7736,0.05218,92.11,95.34,False,False
1,1550,3.9935,10.8672,55.0,2.7638,0.05141,92.18,95.33,False,False
1,1551,4.0267,7.8104,55.0,2.7637,0.05197,90.92,95.33,False,False
1,1552,4.0525,7.9132,55.0,2.7569,0.05213,91.63,95.32,False,False
1,1553,4.1448,2.313,54.99,2.7693,0.05196,92.25,95.32,False,False
1,1554,4.0427,7.3121,55.0,2.772,0.05147,92.28,95.32,False,False
1,1555,4.0323,7.9637,55.0,2.7559,0.05209,92.24,95.31,False,False
1,1556,3.9608,11.8765,55.0,2.7676,0.05154,91.18,95.31,False,False
1,1557,4.0992,5.8119,54.99,2.7735,0.05196,92.74,95.31,False,False
1,1558,4.069,5.8087,54.99,2.7668,0.0516,90.91,95.3,False,False
1,1559,4.0508,8.1115,55.0,2.7679,0.05137,92.66,95.3,False,False
1,1560,4.1167,4.6754,55.0,2.7723,0.0513,91.13,95.3,False,False
1,1561,4.1354,2.7365,55.0,2.7593,0.05187,91.35,95.3,False,False
1,1562,4.0128,8.5313,55.0,2.7674,0.05215,91.59,95.29,False,False
1,1563,4.1267,3.5511,55.0,2.7572,0.0516,92.54,95.29,False,False
1,1564,4.136,3.0636,55.0,2.7554,0.05138,91.48,95.29,False,False
1,1565,4.1224,4.3741,55.0,2.7639,0.05163,91.1,95.28,False,False
1,1566,4.0064,8.7335,55.0,2.7681,0.05175,92.65,95.28,False,False
1,1567,4.0302,9.656,55.0,2.759,0.05214,92.25,95.28,False,False
1,1568,4.0869,6.3151,55.0,2.7716,0.05215,92.26,95.27,False,False
1,1569,4.0708,5.4109,55.0,2.7539,0.05148,91.75,95.27,False,False
1,1570,4.0414,8.2589,55.0,2.7707,0.05225,91.53,95.27,False,False
1,1571,4.0418,7.0784,55.0,2.7567,0.05199,91.93,95.26,False,False
1,1572,4.1003,5.3399,55.0,2.77,0.05203,92.68,95.26,False,False
1,1573,3.9992,10.9728,55.0,2.7618,0.05214,91.21,95.26,False,False
1,1574,4.0204,7.7735,55.0,2.7692,0.05189,90.82,95.26,False,False
1,1575,3.9813,11.4185,55.0,2.763,0.0515,92.06,95.26,False,False
1,1576,3.993,9.8888,55.0,2.7681,0.0522,91.88,95.25,False,False
1,1577,4.0767,5.9258,55.0,2.7691,0.05136,91.57,95.25,False,False
1,1578,4.0507,7.8453,55.0,2.7564,0.05139,92.58,95.24,False,False
1,1579,4.1297,2.9162,55.0,2.7694,0.05148,91.57,95.24,False,False
1,1580,3.9866,11.1269,55.0,2.7682,0.05157,91.31,95.24,False,False
1,1581,4.1064,3.7069,55.0,2.7538,0.05192,91.93,95.24,False,False
1,1582,4.0873,5.7754,55.0,2.7537,0.05192,92.61,95.23,False,False
1,1583,3.9975,10.3799,55.0,2.7567,0.05193,92.24,95.23,False,False
1,1584,4.1123,4.3896,55.0,2.7529,0.0522,91.67,95.23,False,False
1,1585,3.9858,11.8525,55.0,2.7709,0.05149,91.76,95.22,False,False
1,1586,4.0536,6.149,55.0,2.7611,0.05174,92.05,95.22,False,False
1,1587,4.0788,4.7568,55.0,2.7638,0.05214,92.39,95.22,False,False
1,1588,4.0699,6.2586,55.0,2.7646,0.05211,91.95,95.21,False,False
1,1589,4.084,5.5527,55.0,2.7646,0.05155,92.26,95.21,False,False
1,1590,4.0974,4.3127,55.0,2.7657,0.05179,92.77,95.21,False,False
1,1591,4.0142,8.2851,55.0,2.757,0.05189,91.29,95.2,False,False
1,1592,4.0618,5.187,55.0,2.7539,0.05217,91.98,95.2,False,False
1,1593,3.9517,11.9432,55.0,2.763,0.05156,92.14,95.2,False,False
1,1594,4.0308,7.9256,55.0,2.7681,0.05186,92.74,95.19,False,False
1,1595,4.1435,2.2038,55.0,2.7555,0.05187,91.84,95.19,False,False
1,1596,4.1181,2.8299,55.0,2.7695,0.05162,92.78,95.19,False,False
1,1597,4.0529,5.8997,55.0,2.7516,0.05135,90.86,95.19,False,False
1,1598,4.0584,6.2029,55.0,2.7529,0.05177,91.36,95.18,False,False
1,1599,4.0997,3.9012,55.0,2.7556,0.05171,92.27,95.18,False,False
1,1600,3.9831,11.0782,55.0,2.7561,0.05202,91.58,95.18,False,False
1,1601,4.0325,7.2123,55.0,2.7542,0.05206,90.93,95.17,False,False
1,1602,4.0101,9.0595,55.0,2.7512,0.05168,91.45,95.17,False,False
1,1603,4.1318,3.6299,55.0,2.765,0.05235,91.6,95.17,False,False
1,1604,4.1027,4.2082,55.0,2.762,0.05186,91.71,95.16,False,False
1,1605,4.0164,9.1104,55.0,2.7518,0.05147,90.99,95.16,False,False
1,1606,4.0353,8.6114,55.0,2.7594,0.05172,91.96,95.15,False,False
1,1607,4.1295,3.3953,54.95,2.7654,0.05139,92.12,95.15,False,False
1,1608,4.0549,6.6631,55.0,2.751,0.05215,91.31,95.15,False,False
1,1609,3.9855,10.06,55.0,2.7581,0.05235,92.26,95.15,False,False
1,1610,3.9934,10.7094,55.0,2.751,0.05238,92.53,95.14,False,False
1,1611,3.9813,11.0172,55.0,2.7508,0.05213,91.85,95.14,False,False
1,1612,4.0258,8.4644,55.0,2.7567,0.05214,91.9,95.14,False,False
1,1613,3.9977,9.4414,55.0,2.7529,0.05163,91.42,95.13,False,False
1,1614,4.0084,10.346,55.0,2.7657,0.05145,92.44,95.13,False,False
1,1615,4.0095,9.5596,55.0,2.751,0.05209,91.45,95.13,False,False
1,1616,4.081,4.1452,55.0,2.7572,0.05215,92.69,95.13,False,False
1,1617,4.1321,3.8265,55.0,2.7655,0.05172,91.64,95.12,False,False
1,1618,4.073,6.5848,55.0,2.7655,0.05171,91.51,95.12,False,False
1,1619,4.0443,7.5764,55.0,2.7602,0.05159,91.44,95.12,False,False
1,1620,4.0576,7.9025,55.0,2.7627,0.05213,92.59,95.12,False,False
1,1621,4.0316,9.2124,55.0,2.7641,0.05194,92.57,95.11,False,False
1,1622,4.0675,7.1257,55.0,2.7488,0.05148,92.62,95.11,False,False
1,1623,3.9888,10.9487,55.0,2.7649,0.05154,91.08,95.11,False,False
1,1624,4.131,2.7026,55.0,2.7625,0.05146,92.17,95.1,False,False
1,1625,4.0798,5.6626,55.0,2.7619,0.05159,91.22,95.1,False,False
1,1626,3.9875,10.0222,55.0,2.7583,0.05212,92.84,95.1,False,False
1,1627,4.0263,7.4276,55.0,2.7669,0.05154,91.96,95.09,False,False
1,1628,3.9985,10.0484,55.0,2.7493,0.05186,92.18,95.09,False,False
1,1629,3.9894,11.9117,55.0,2.7585,0.05152,91.49,95.09,False,False
1,1630,4.0122,10.1818,55.0,2.7599,0.05205,91.59,95.09,False,False
1,1631,4.0249,8.4088,55.0,2.7591,0.05198,92.7,95.09,False,False
1,1632,3.9872,10.3429,55.0,2.7552,0.05197,91.19,95.08,False,False
1,1633,3.9497,11.6253,55.0,2.7558,0.05158,90.99,95.08,False,False
1,1634,4.0062,9.7927,55.0,2.7478,0.0521,92.1,95.08,False,False
1,1635,4.1526,2.1664,54.92,2.7495,0.05192,91.4,95.07,False,False
1,1636,3.991,10.8622,55.0,2.7525,0.05195,92.55,95.07,False,False
1,1637,4.0984,4.2138,55.0,2.7483,0.05164,92.03,95.07,False,False
1,1638,4.0755,4.5683,55.0,2.7644,0.05204,92.06,95.07,False,False
1,1639,4.0425,6.6217,55.0,2.7548,0.05152,91.83,95.06,False,False
1,1640,4.0668,5.1246,55.0,2.7523,0.05212,92.71,95.06,False,False
1,1641,4.0174,7.7776,55.0,2.7562,0.05223,91.72,95.06,False,False
1,1642,3.9842,11.4414,55.0,2.7578,0.05184,92.68,95.05,False,False
1,1643,4.0208,8.1837,55.0,2.7624,0.05198,91.95,95.05,False,False
1,1644,4.109,4.0401,55.0,2.7652,0.0522,92.95,95.05,False,False
1,1645,4.06,6.1637,55.0,2.7648,0.05192,92.06,95.05,False,False
1,1646,4.1226,2.4496,54.96,2.752,0.05224,91.92,95.04,False,False
1,1647,4.0783,5.9943,55.0,2.7577,0.05149,91.97,95.04,False,False
1,1648,4.1591,2.1432,54.95,2.7563,0.05169,91.63,95.04,False,False
1,1649,4.1038,3.5494,55.0,2.7614,0.05209,91.35,95.03,False,False
1,1650,4.0169,9.6919,55.0,2.7558,0.05229,92.19,95.03,False,False
1,1651,4.1416,2.0001,54.95,2.7492,0.05175,91.96,95.03,False,False
1,1652,4.1327,2.1787,54.95,2.753,0.05174,91.46,95.02,False,False
1,1653,4.0278,7.3824,55.0,2.7651,0.05208,92.54,95.02,False,False
1,1654,4.1013,5.5064,55.0,2.7612,0.05164,91.65,95.02,False,False
1,1655,4.1078,4.7374,55.0,2.7507,0.05191,92.25,95.02,False,False
1,1656,4.0762,6.8704,55.0,2.7547,0.05244,92.42,95.01,False,False
1,1657,4.0171,7.9684,55.0,2.7572,0.05232,92.49,95.01,False,False
1,1658,4.1422,3.0771,55.0,2.7552,0.05247,91.25,95.01,False,False
1,1659,4.0685,4.8238,55.0,2.7585,0.05168,91.25,95.0,False,False
1,1660,4.0837,3.9865,55.0,2.7472,0.05188,91.29,95.0,False,False
1,1661,4.0488,7.2461,55.0,2.7635,0.05192,92.03,95.0,False,False
1,1662,4.0011,11.2552,55.0,2.7541,0.05205,92.39,95.0,False,False
1,1663,4.0005,9.564,55.0,2.7544,0.05249,91.84,94.99,False,False
1,1664,4.0563,5.9927,55.0,2.7571,0.05229,92.68,94.99,False,False
1,1665,3.9742,10.5958,55.0,2.7587,0.05209,92.22,94.99,False,False
1,1666,4.0684,6.5578,55.0,2.7501,0.0522,92.2,94.99,False,False
1,1667,4.1331,3.0318,55.0,2.7507,0.05233,92.91,94.98,False,False
1,1668,4.0021,9.6484,55.0,2.755,0.05191,92.23,94.98,False,False
1,1669,4.0796,5.7833,55.0,2.7584,0.05181,91.76,94.98,False,False
1,1670,4.0574,7.2784,55.0,2.7628,0.0518,91.06,94.98,False,False
1,1671,4.1359,2.3,55.0,2.7519,0.05189,92.33,94.98,False,False
1,1672,4.1029,4.7609,54.97,2.7582,0.05191,91.56,94.97,False,False
1,1673,4.0582,6.3941,55.0,2.7472,0.05221,92.57,94.97,False,False
1,1674,4.0941,4.6133,55.0,2.759,0.05205,91.12,94.97,False,False
1,1675,3.9854,11.428,55.0,2.7453,0.05244,91.5,94.96,False,False
1,1676,3.9951,9.4689,55.0,2.7614,0.05178,92.53,94.96,False,False
1,1677,4.1562,2.4035,55.0,2.7484,0.05224,91.31,94.96,False,False
1,1678,4.0647,6.266,55.0,2.7462,0.05179,92.95,94.96,False,False
1,1679,4.04,8.1282,55.0,2.7593,0.05232,91.16,94.96,False,False
1,1680,3.9605,11.4838,55.0,2.7598,0.05235,91.14,94.96,False,False
1,1681,4.0198,8.4955,55.0,2.7623,0.05216,91.75,94.95,False,False
1,1682,3.9945,10.4859,55.0,2.7575,0.05237,91.69,94.95,False,False
1,1683,4.0999,3.4085,55.0,2.7527,0.05175,91.06,94.95,False,False
1,1684,4.0901,3.8961,55.0,2.7603,0.05208,91.83,94.95,False,False
1,1685,4.0804,5.8888,55.0,2.7621,0.05211,92.99,94.94,False,False
1,1686,4.0784,4.8306,55.0,2.7441,0.05165,92.79,94.94,False,False
1,1687,4.0119,9.0705,55.0,2.7593,0.05157,92.06,94.94,False,False
1,1688,4.0662,7.0168,55.0,2.749,0.05241,91.11,94.93,False,False
1,1689,4.0088,9.7115,55.0,2.7558,0.05177,91.41,94.93,False,False
1,1690,3.9565,11.462,55.0,2.7505,0.05226,92.61,94.92,False,False
1,1691,4.0379,8.8151,55.0,2.7513,0.0524,91.12,94.92,False,False
1,1692,4.1012,5.0525,55.0,2.7626,0.05242,91.88,94.92,False,False
1,1693,4.0344,7.8678,55.0,2.762,0.05157,91.59,94.92,False,False
1,1694,4.0461,6.9845,55.0,2.7603,0.05208,92.15,94.91,False,False
1,1695,4.0915,4.4858,55.0,2.7499,0.05198,91.8,94.91,False,False
1,1696,4.0612,5.7255,55.0,2.7516,0.05217,92.73,94.91,False,False
1,1697,4.1125,3.4949,55.0,2.7521,0.05181,91.58,94.9,False,False
1,1698,3.988,9.5645,55.0,2.7507,0.05176,91.97,94.9,False,False
1,1699,4.1525,2.9038,55.0,2.7579,0.05169,91.43,94.9,False,False
1,1700,4.0758,6.0067,55.0,2.7436,0.05197,91.24,94.89,False,False
1,1701,4.0253,7.9459,55.0,2.7619,0.05185,92.32,94.89,False,False
1,1702,3.968,11.4153,55.0,2.748,0.05252,93.08,94.89,False,False
1,1703,4.0698,6.5201,55.0,2.7453,0.05232,91.59,94.89,False,False
1,1704,4.1315,3.9653,55.0,2.7573,0.05258,92.91,94.88,False,False
1,1705,4.0791,6.5223,55.0,2.7521,0.05252,92.89,94.88,False,False
1,1706,3.9967,9.0491,55.0,2.7613,0.05181,91.11,94.87,False,False
1,1707,4.0235,9.712,55.0,2.7448,0.05233,91.22,94.87,False,False
1,1708,4.0749,7.125,55.0,2.7494,0.05254,92.72,94.87,False,False
1,1709,4.0278,7.8688,55.0,2.7445,0.05244,91.59,94.87,False,False
1,1710,3.9532,11.4255,55.0,2.7457,0.05209,91.89,94.86,False,False
1,1711,4.1124,4.3639,55.0,2.744,0.05213,92.47,94.86,False,False
1,1712,4.0736,5.2478,55.0,2.7414,0.05242,91.91,94.86,False,False
1,1713,4.0888,5.3419,55.0,2.7458,0.05214,91.35,94.86,False,False
1,1714,4.0955,3.3816,55.0,2.7487,0.05253,92.06,94.85,False,False
1,1715,4.0058,9.7036,55.0,2.743,0.05196,91.96,94.85,False,False
1,1716,4.07,5.2512,55.0,2.741,0.05255,91.73,94.85,False,False
1,1717,4.0243,8.2123,55.0,2.7474,0.05224,93.11,94.85,False,False
1,1718,4.0193,9.5656,55.0,2.7448,0.05165,91.33,94.84,False,False
1,1719,4.0338,7.1365,55.0,2.7451,0.05215,92.05,94.84,False,False
1,1720,4.0197,9.6028,55.0,2.7579,0.05257,92.44,94.84,False,False
1,1721,3.9803,11.8773,55.0,2.7585,0.05259,92.24,94.84,False,False
1,1722,4.076,5.0364,55.0,2.7558,0.05194,91.3,94.83,False,False
1,1723,4.0705,6.7877,55.0,2.7427,0.05236,92.43,94.83,False,False
1,1724,4.0215,8.4802,55.0,2.759,0.05195,92.76,94.83,False,False
1,1725,4.112,3.8897,55.0,2.7461,0.05228,91.88,94.82,False,False
1,1726,3.9809,10.5048,55.0,2.7577,0.05181,92.81,94.82,False,False
1,1727,4.1027,4.6944,55.0,2.7417,0.05251,92.71,94.82,False,False
1,1728,4.0051,9.0332,55.0,2.7476,0.05231,92.78,94.82,False,False
1,1729,3.96,11.9241,55.0,2.7492,0.05214,92.31,94.81,False,False
1,1730,4.0634,6.2244,55.0,2.7446,0.05258,93.1,94.81,False,False
1,1731,4.1559,2.3636,55.0,2.7575,0.05169,92.82,94.81,False,False
1,1732,4.1282,3.7391,55.0,2.7503,0.05199,91.16,94.81,False,False
1,1733,4.1238,2.0519,55.0,2.7518,0.05215,93.09,94.8,False,False
1,1734,4.0915,4.1008,54.99,2.7555,0.05241,92.57,94.8,False,False
1,1735,4.0058,9.1453,55.0,2.7479,0.05183,92.4,94.8,False,False
1,1736,4.0129,10.5226,55.0,2.7463,0.05234,93.09,94.79,False,False
1,1737,4.0305,7.8907,55.0,2.7418,0.05184,92.8,94.79,False,False
1,1738,3.9792,9.8919,55.0,2.7445,0.05232,92.16,94.79,False,False
1,1739,4.0056,9.4115,55.0,2.7537,0.05214,93.13,94.79,False,False
1,1740,4.1101,2.8811,55.0,2.7533,0.05184,92.22,94.78,False,False
1,1741,3.9703,10.7359,55.0,2.7495,0.05202,92.63,94.78,False,False
1,1742,4.1496,2.8924,55.0,2.7397,0.05175,91.92,94.78,False,False
1,1743,3.9683,11.7649,55.0,2.755,0.05181,91.93,94.78,False,False
1,1744,4.0581,5.7958,55.0,2.753,0.05199,91.96,94.78,False,False
1,1745,3.9967,10.0995,55.0,2.7497,0.05248,92.12,94.77,False,False
1,1746,4.0781,5.0194,55.0,2.7443,0.05187,92.61,94.77,False,False
1,1747,4.0201,7.9743,55.0,2.751,0.05268,92.44,94.77,False,False
1,1748,4.0799,6.0229,55.0,2.7539,0.0517,91.75,94.77,False,False
1,1749,4.0297,8.1706,55.0,2.7487,0.05181,92.46,94.76,False,False
1,1750,4.0749,5.514,55.0,2.7462,0.05246,93.16,94.76,False,False
1,1751,4.0449,7.0322,55.0,2.7414,0.05242,92.09,94.75,False,False
1,1752,4.1544,2.6941,55.0,2.7438,0.05171,92.28,94.75,False,False
1,1753,4.0733,4.9753,54.98,2.754,0.05259,92.02,94.75,False,False
1,1754,4.1101,4.7116,55.0,2.7502,0.05236,93.08,94.74,False,False
1,1755,3.9999,11.3639,55.0,2.7526,0.0522,92.43,94.74,False,False
1,1756,3.9672,11.7046,55.0,2.739,0.05217,91.65,94.74,False,False
1,1757,3.9696,11.3184,55.0,2.7386,0.05182,92.85,94.73,False,False
1,1758,3.9922,9.2028,55.0,2.7526,0.0521,92.34,94.73,False,False
1,1759,4.0106,8.0307,55.0,2.754,0.05176,93.2,94.73,False,False
1,1760,3.9928,9.0438,55.0,2.7501,0.05227,92.71,94.72,False,False
1,1761,4.0822,4.6467,55.0,2.7412,0.05243,91.27,94.72,False,False
1,1762,4.136,2.5405,54.98,2.7378,0.05199,91.48,94.72,False,False
1,1763,4.013,9.632,55.0,2.751,0.05187,91.8,94.72,False,False
1,1764,4.1092,3.2183,54.98,2.7554,0.0519,91.92,94.72,False,False
1,1765,4.1331,2.6574,55.0,2.7525,0.05223,92.68,94.71,False,False
1,1766,4.0894,4.8968,55.0,2.7437,0.05222,92.53,94.71,False,False
1,1768,4.104,5.3808,54.99,2.7562,0.05207,91.55,94.71,False,False
1,1769,4.0116,10.0141,55.0,2.7513,0.05238,91.38,94.7,False,False
1,1770,4.0566,5.4712,55.0,2.7508,0.05209,91.97,94.7,False,False
1,1771,4.1144,3.1774,55.0,2.7372,0.05264,92.45,94.7,False,False
1,1773,4.1317,2.9486,55.0,2.7503,0.05226,92.51,94.69,False,False
1,1774,4.1052,2.9872,55.0,2.7469,0.05208,91.75,94.69,False,False
1,1775,4.1106,3.8951,55.0,2.7539,0.05201,91.47,94.68,False,False
1,1776,4.0379,8.701,55.0,2.7546,0.05242,91.78,94.68,False,False
1,1777,3.9769,11.7283,55.0,2.7365,0.05241,91.77,94.68,False,False
1,1778,4.1338,2.6348,55.0,2.7388,0.05242,91.7,94.68,False,False
1,1779,4.0773,6.3673,55.0,2.7434,0.05231,91.56,94.67,False,False
1,1781,4.0076,10.0998,55.0,2.7516,0.05198,91.83,94.67,False,False
1,1782,3.9747,10.1134,55.0,2.7512,0.05192,92.63,94.67,False,False
1,1783,4.0221,7.672,55.0,2.7375,0.05272,91.97,94.67,False,False
1,1785,4.099,5.749,55.0,2.7353,0.05223,92.05,94.66,False,False
1,1786,4.0806,6.7458,55.0,2.7496,0.05183,92.63,94.66,False,False
1,1787,4.0233,9.062,55.0,2.7537,0.05192,91.97,94.66,False,False
1,1788,4.0771,4.7891,54.97,2.745,0.05221,91.36,94.65,False,False
1,1789,4.0472,7.1905,55.0,2.749,0.05221,92.92,94.65,False,False
1,1790,3.9878,9.7269,55.0,2.7497,0.05247,92.48,94.65,False,False
1,1791,3.9992,10.8046,55.0,2.7417,0.05179,92.54,94.64,False,False
1,1792,4.0306,7.1501,55.0,2.7495,0.05185,93.13,94.64,False,False
1,1793,3.982,10.1348,55.0,2.7395,0.05186,92.73,94.64,False,False
1,1794,4.0406,6.9475,55.0,2.7508,0.05239,92.89,94.64,False,False
1,1796,4.054,7.6776,55.0,2.7405,0.05196,91.75,94.63,False,False
1,1797,4.1557,2.6596,55.0,2.7452,0.05228,91.61,94.63,False,False
1,1798,4.0106,8.7088,55.0,2.7536,0.05269,91.82,94.62,False,False
1,1799,3.9925,10.1741,55.0,2.7436,0.05278,93.3,94.62,False,False
1,1801,4.0951,3.45,55.0,2.7355,0.05183,93.25,94.61,False,False
1,1802,4.1415,3.4463,55.0,2.7479,0.05184,92.44,94.61,False,False
1,1803,4.0848,6.5592,55.0,2.747,0.05276,92.65,94.61,False,False
1,1804,4.1168,3.5499,54.97,2.7352,0.05241,92.85,94.61,False,False
1,1806,3.9537,11.41,55.0,2.748,0.05238,91.78,94.6,False,False
1,1807,4.0245,9.7375,55.0,2.7413,0.05268,93.27,94.6,False,False
1,1808,4.0542,6.5395,55.0,2.7396,0.05232,91.95,94.59,False,False
1,1809,3.9804,11.8383,55.0,2.7338,0.05229,92.01,94.59,False,False
1,1811,3.9894,10.7293,55.0,2.7348,0.05231,92.64,94.58,False,False
1,1812,4.0251,9.9344,55.0,2.7518,0.05225,92.14,94.58,False,False
1,1813,4.1192,2.6797,55.0,2.739,0.0522,92.18,94.58,False,False
1,1814,4.1323,3.0904,55.0,2.7518,0.05226,91.79,94.58,False,False
1,1815,4.0242,8.685,55.0,2.7524,0.05241,92.96,94.57,False,False
1,1816,3.9861,10.1267,55.0,2.7356,0.05205,91.56,94.57,False,False
1,1817,4.0906,6.353,55.0,2.7391,0.05285,92.7,94.57,False,False
1,1818,4.0728,6.5517,55.0,2.7436,0.05199,91.58,94.56,False,False
1,1819,4.0394,9.0476,55.0,2.7407,0.05211,93.21,94.56,False,False
1,1820,4.1382,2.1797,55.0,2.7324,0.05249,92.39,94.56,False,False
1,1821,4.0476,7.6656,55.0,2.7334,0.05231,92.24,94.56,False,False
1,1822,4.0148,10.3228,55.0,2.7354,0.0526,92.11,94.56,False,False
1,1823,4.0874,6.5312,55.0,2.7493,0.05232,92.45,94.55,False,False
1,1824,4.0522,6.7692,55.0,2.7387,0.05251,92.47,94.55,False,False
1,1825,3.9946,10.6774,55.0,2.7374,0.05214,93.25,94.55,False,False
1,1826,4.0031,8.9048,55.0,2.7491,0.05285,92.15,94.55,False,False
1,1827,4.122,2.516,55.0,2.7434,0.05257,92.68,94.55,False,False
1,1829,4.0839,6.3462,55.0,2.7358,0.05279,92.85,94.54,False,False
1,1830,3.9974,8.7799,55.0,2.7497,0.05214,93.17,94.54,False,False
1,1831,3.9545,11.4439,55.0,2.7502,0.05286,92.42,94.53,False,False
1,1832,4.092,4.6318,54.98,2.7425,0.05249,92.61,94.53,False,False
1,1834,3.9886,9.5136,55.0,2.7314,0.05268,91.65,94.52,False,False
1,1835,4.1275,4.2399,55.0,2.7441,0.05255,92.86,94.52,False,False
1,1836,4.0109,9.1561,55.0,2.732,0.0522,92.66,94.51,False,False
1,1837,4.0802,5.1183,55.0,2.7417,0.05265,91.45,94.51,False,False
1,1839,4.1035,5.5876,55.0,2.7423,0.05224,91.75,94.5,False,False
1,1840,4.1128,4.5494,55.0,2.7483,0.05251,92.36,94.5,False,False
1,1841,4.006,8.8829,55.0,2.7376,0.05215,91.73,94.49,False,False
1,1842,4.0767,6.485,55.0,2.7355,0.05244,93.04,94.49,False,False
1,1843,4.0392,8.931,55.0,2.7325,0.05279,92.07,94.49,False,False
1,1844,4.1445,3.3357,55.0,2.7486,0.05274,93.12,94.49,False,False
1,1845,4.1004,4.7538,55.0,2.7475,0.05247,92.14,94.49,False,False
1,1846,4.0962,3.6209,55.0,2.7485,0.05251,92.26,94.48,False,False
1,1847,4.1256,4.0402,55.0,2.7479,0.05244,91.88,94.48,False,False
1,1848,3.9597,10.9609,55.0,2.738,0.05239,93.09,94.48,False,False
1,1849,4.005,8.4327,55.0,2.7322,0.0528,92.91,94.48,False,False
1,1850,4.1024,4.7534,54.99,2.7378,0.05289,91.44,94.47,False,False
1,1852,3.9728,10.7964,55.0,2.7366,0.05245,92.98,94.47,False,False
1,1853,4.0241,7.5444,55.0,2.7441,0.05224,91.5,94.47,False,False
1,1854,4.0663,7.5293,55.0,2.7377,0.05286,92.33,94.46,False,False
1,1855,4.0384,7.144,55.0,2.7463,0.05289,92.52,94.46,False,False
1,1857,4.0354,8.4049,55.0,2.7484,0.05264,93.02,94.45,False,False
1,1858,3.9786,10.523,55.0,2.7425,0.05209,93.35,94.45,False,False
1,1859,4.0092,10.5039,55.0,2.7447,0.05228,91.75,94.45,False,False
1,1860,4.0557,8.0575,55.0,2.7298,0.05221,92.02,94.44,False,False
1,1861,4.1188,3.8543,55.0,2.7344,0.05243,93.43,94.44,False,False
1,1862,4.0909,5.5304,55.0,2.7318,0.05269,91.76,94.44,False,False
1,1863,3.9574,11.5969,55.0,2.7351,0.0529,93.38,94.44,False,False
1,1864,4.013,9.4162,55.0,2.7366,0.05222,92.97,94.43,False,False
1,1865,3.9634,11.1188,55.0,2.7296,0.0521,93.26,94.43,False,False
1,1866,4.1215,4.2318,55.0,2.7303,0.0525,91.58,94.43,False,False
1,1867,4.1467,2.1196,55.0,2.7479,0.05243,93.11,94.43,False,False
1,1868,4.0712,6.6344,55.0,2.7439,0.05256,92.36,94.43,False,False
1,1869,4.1176,4.7898,55.0,2.7476,0.05296,92.62,94.42,False,False
1,1870,4.0744,5.0209,55.0,2.7319,0.05248,91.84,94.42,False,False
1,1871,4.0334,7.6315,55.0,2.7368,0.05258,91.8,94.41,False,False
1,1872,4.0665,6.2454,55.0,2.7472,0.05216,92.02,94.41,False,False
1,1873,4.0594,7.8369,55.0,2.7292,0.05261,92.41,94.41,False,False
1,1875,3.9449,11.931,55.0,2.7444,0.05293,92.95,94.4,False,False
1,1876,3.9996,8.8198,55.0,2.7344,0.05264,93.29,94.4,False,False
1,1877,4.1032,2.9726,55.0,2.7289,0.05251,92.72,94.4,False,False
1,1878,4.0549,7.6092,55.0,2.7392,0.0525,92.4,94.4,False,False
1,1880,4.12,2.7473,54.99,2.7442,0.05208,92.13,94.39,False,False
1,1881,4.0694,6.8866,55.0,2.746,0.0521,92.08,94.39,False,False
1,1882,4.045,6.3268,55.0,2.733,0.05249,91.93,94.38,False,False
1,1883,4.062,7.3277,55.0,2.7382,0.05264,92.16,94.38,False,False
1,1884,4.1455,2.8372,55.0,2.7321,0.05208,92.73,94.38,False,False
1,1885,4.0209,9.7323,55.0,2.7276,0.05263,91.66,94.38,False,False
1,1886,4.0367,8.7516,55.0,2.729,0.05201,92.96,94.37,False,False
1,1887,4.0261,8.1978,55.0,2.7348,0.05252,92.21,94.37,False,False
1,1888,4.1424,3.3236,54.96,2.7306,0.05259,93.24,94.37,False,False
1,1889,3.9739,10.7278,55.0,2.7311,0.05229,92.08,94.37,False,False
1,1890,4.1108,3.0188,55.0,2.7366,0.0529,93.25,94.36,False,False
1,1891,4.0203,9.3155,55.0,2.7441,0.05265,92.49,94.36,False,False
1,1893,4.1139,2.528,55.0,2.7318,0.05264,92.32,94.35,False,False
1,1894,4.0687,4.9628,55.0,2.7459,0.05248,92.24,94.35,False,False
1,1895,4.0622,6.0925,55.0,2.7319,0.05257,92.75,94.34,False,False
1,1896,4.0587,7.0082,55.0,2.7394,0.05206,92.8,94.34,False,False
1,1897,4.0361,6.8217,55.0,2.7418,0.05225,91.69,94.34,False,False
1,1898,4.0796,4.8897,55.0,2.726,0.05299,92.74,94.34,False,False
1,1900,4.0515,7.6017,55.0,2.7345,0.05223,92.85,94.33,False,False
1,1901,4.1388,2.7999,55.0,2.7423,0.05293,91.81,94.33,False,False
1,1903,3.9834,11.864,55.0,2.728,0.05259,93.3,94.32,False,False
1,1904,4.0239,8.3675,55.0,2.7444,0.05218,91.87,94.32,False,False
1,1905,4.1463,2.1843,55.0,2.7267,0.05233,92.83,94.31,False,False
1,1906,4.0982,3.903,55.0,2.7317,0.05209,91.92,94.31,False,False
1,1908,4.0675,6.9379,55.0,2.7442,0.05215,93.31,94.31,False,False
1,1909,4.0751,5.931,55.0,2.7396,0.0522,92.16,94.31,False,False
1,1910,4.1109,3.044,54.96,2.7331,0.05262,93.27,94.3,False,False
1,1911,4.0877,5.0128,55.0,2.7246,0.05271,93.55,94.3,False,False
1,1914,3.9848,11.4718,55.0,2.7286,0.05269,91.63,94.29,False,False
1,1915,3.9606,10.885,55.0,2.7443,0.05242,92.81,94.29,False,False
1,1916,3.9717,11.0043,55.0,2.7381,0.05234,92.8,94.29,False,False
1,1918,3.9907,11.2175,55.0,2.7381,0.0527,92.62,94.28,False,False
1,1919,3.9607,10.9904,55.0,2.725,0.05243,91.71,94.28,False,False
1,1920,4.1223,2.1744,55.0,2.7332,0.05232,92.18,94.28,False,False
1,1921,4.0582,7.3717,55.0,2.7268,0.05211,92.35,94.27,False,False
1,1923,4.0661,7.1359,55.0,2.7366,0.0526,91.62,94.27,False,False
1,1924,4.0484,7.5448,55.0,2.7409,0.05277,93.3,94.26,False,False
1,1926,4.0711,6.5038,55.0,2.7396,0.05255,92.04,94.26,False,False
1,1927,4.1079,2.8431,55.0,2.7355,0.05286,91.78,94.25,False,False
1,1928,4.1523,2.8543,55.0,2.7313,0.05267,92.47,94.25,False,False
1,1929,4.138,2.9604,55.0,2.7291,0.0531,93.05,94.25,False,False
1,1931,4.0008,10.226,55.0,2.7366,0.05235,92.46,94.24,False,False
1,1932,4.1085,5.1816,55.0,2.7329,0.05277,92.91,94.23,False,False
1,1933,4.021,8.5312,55.0,2.7231,0.05217,92.34,94.23,False,False
1,1934,4.0361,7.6245,55.0,2.7228,0.05237,91.65,94.23,False,False
1,1935,4.1041,3.2604,55.0,2.7236,0.05309,93.47,94.23,False,False
1,1936,4.142,3.0302,55.0,2.7388,0.05257,92.83,94.22,False,False
1,1937,4.0168,7.7392,55.0,2.7329,0.05242,93.08,94.22,False,False
1,1938,3.996,9.3656,55.0,2.7418,0.05284,92.49,94.21,False,False
1,1939,3.9936,10.8975,55.0,2.7248,0.05312,93.48,94.21,False,False
1,1941,4.0935,4.0098,55.0,2.7299,0.0526,92.97,94.21,False,False
1,1942,3.9917,9.536,55.0,2.7366,0.05223,92.6,94.2,False,False
1,1943,3.9531,11.6978,55.0,2.7404,0.05303,92.73,94.2,False,False
1,1944,4.0929,4.8666,55.0,2.7369,0.05255,92.52,94.2,False,False
1,1946,4.0775,5.6596,55.0,2.7348,0.05254,92.98,94.19,False,False
1,1947,3.9551,11.8223,55.0,2.725,0.05263,91.87,94.19,False,False
1,1948,4.1157,2.2784,55.0,2.7326,0.05277,92.25,94.19,False,False
1,1949,4.0645,7.2829,55.0,2.7277,0.05219,93.62,94.18,False,False
1,1950,4.0187,9.2742,55.0,2.7366,0.05217,91.99,94.18,False,False
1,1951,4.0507,7.2543,55.0,2.7404,0.05305,93.34,94.18,False,False
1,1952,3.9886,11.0413,55.0,2.7366,0.05277,93.54,94.17,False,False
1,1953,4.0858,5.415,55.0,2.7235,0.05253,92.54,94.17,False,False
1,1954,4.0948,3.9523,55.0,2.7267,0.05309,91.84,94.17,False,False
1,1955,4.1513,2.4621,55.0,2.7356,0.05249,91.99,94.16,False,False
1,1956,4.0882,5.479,55.0,2.7335,0.05314,92.11,94.16,False,False
1,1957,4.0863,5.2153,55.0,2.7215,0.05275,92.39,94.16,False,False
1,1960,3.9772,10.314,55.0,2.7208,0.05241,91.85,94.15,False,False
1,1961,3.9925,10.5475,55.0,2.7278,0.05315,92.11,94.15,False,False
1,1,3.9729,10.169,28.11,2.9053,0.04787,87.28,100.0,False,False
1,2,4.0979,3.4423,28.15,2.908,0.04789,89.0,99.99,False,False
1,3,4.0898,5.7339,28.15,2.8912,0.04791,88.3,99.99,False,False
1,5,4.0872,5.578,28.26,2.8901,0.0482,88.97,99.99,False,False
1,6,4.0765,4.8061,28.37,2.899,0.04836,87.36,99.98,False,False
1,7,4.1371,3.484,28.39,2.8904,0.04809,87.95,99.98,False,False
1,8,3.9991,9.5021,28.63,2.904,0.04786,87.57,99.98,False,False
1,9,4.0474,8.5665,28.69,2.9039,0.04836,88.35,99.98,False,False
1,12,4.078,6.4598,29.1,2.906,0.04825,88.75,99.97,False,False
1,13,4.0502,8.359,29.21,2.8914,0.04817,88.53,99.97,False,False
1,14,4.1248,3.7059,29.22,2.9053,0.0483,87.04,99.96,False,False
1,15,4.1083,2.7188,29.25,2.8918,0.04837,87.7,99.96,False,False
1,16,4.1119,3.1678,29.32,2.8888,0.0483,88.61,99.96,False,False
1,17,4.01,9.8319,29.58,2.8988,0.04767,88.62,99.95,False,False
1,18,4.1187,3.165,29.52,2.9029,0.04758,88.22,99.95,False,False
1,20,3.9979,11.5061,29.96,2.8911,0.04788,88.48,99.95,False,False
1,21,3.9755,11.3306,30.09,2.8884,0.04846,88.69,99.94,False,False
1,22,4.1004,4.8902,30.09,2.8903,0.04833,88.75,99.94,False,False
1,23,4.0004,10.0718,30.34,2.9032,0.04831,88.66,99.93,False,False
1,26,4.095,5.6027,30.54,2.891,0.04832,87.58,99.92,False,False
1,27,4.0758,7.0465,30.61,2.9072,0.04835,87.12,99.92,False,False
1,28,4.1162,4.6451,30.59,2.8906,0.04778,88.6,99.92,False,False
1,29,4.1085,3.5307,30.76,2.8968,0.04774,87.28,99.91,False,False
1,30,4.0437,8.9427,30.85,2.888,0.04838,87.44,99.91,False,False
1,33,4.1368,3.5338,31.19,2.8945,0.04789,88.67,99.91,False,False
1,34,4.1108,3.4679,31.31,2.891,0.04843,87.86,99.91,False,False
1,35,4.0731,5.8002,31.34,2.8984,0.04796,87.22,99.9,False,False
1,36,3.9953,9.4519,31.42,2.9007,0.04826,88.17,99.9,False,False
1,37,4.1338,3.1392,31.39,2.8995,0.04814,87.22,99.89,False,False
1,39,4.0307,8.204,31.64,2.9052,0.04841,87.5,99.89,False,False
1,40,4.0199,9.7481,31.87,2.8884,0.04788,88.78,99.89,False,False
1,41,3.9933,10.0002,31.94,2.8974,0.04816,87.41,99.89,False,False
1,42,4.0579,6.2414,31.95,2.9024,0.04832,88.91,99.88,False,False
1,43,4.1285,2.4427,32.01,2.8977,0.04806,87.43,99.88,False,False
1,44,3.971,10.2402,32.16,2.9063,0.04836,88.94,99.88,False,False
1,45,3.9832,11.8849,32.37,2.8889,0.04838,88.46,99.87,False,False
1,47,4.0102,8.1798,32.79,2.9061,0.04831,88.53,99.87,False,False
1,49,4.0871,5.8871,32.98,2.9054,0.0484,88.99,99.86,False,False
1,50,4.1055,3.8231,32.93,2.8964,0.04831,88.1,99.86,False,False
1,51,4.1141,3.4756,32.96,2.8937,0.04793,87.84,99.85,False,False
1,52,4.0098,10.1744,33.18,2.8955,0.04851,87.67,99.85,False,False
1,54,3.9924,10.9133,33.31,2.8983,0.04851,88.84,99.84,False,False
1,55,4.0808,6.8705,33.48,2.9014,0.0481,88.74,99.84,False,False
1,56,4.024,7.3307,33.7,2.8974,0.04788,87.47,99.84,False,False
1,58,4.1119,3.9224,33.83,2.9039,0.04777,88.58,99.83,False,False
1,59,4.0692,7.4066,34.06,2.8932,0.04847,87.19,99.83,False,False
1,61,3.9809,11.3575,34.18,2.896,0.04796,88.6,99.82,False,False
1,62,4.1345,2.4329,34.28,2.9039,0.04831,88.84,99.82,False,False
1,63,4.0294,9.2716,34.49,2.8854,0.04798,87.16,99.82,False,False
1,64,4.1172,3.0174,34.56,2.8887,0.04794,88.1,99.82,False,False
1,65,4.0579,7.0348,34.59,2.8952,0.04858,88.22,99.81,False,False
1,67,4.1283,2.8369,34.82,2.8868,0.04812,89.13,99.81,False,False
1,68,4.0473,6.8698,34.86,2.8971,0.04863,87.53,99.8,False,False
1,70,4.1254,2.126,35.08,2.8876,0.04819,88.22,99.8,False,False
1,72,4.0054,10.3692,35.3,2.902,0.04792,87.86,99.79,False,False
1,73,4.0436,6.9915,35.49,2.8982,0.04833,87.3,99.79,False,False
1,75,4.08,6.8442,35.7,2.8968,0.04806,87.94,99.78,False,False
1,76,4.0203,8.1927,35.86,2.893,0.04833,87.27,99.77,False,False
1,77,3.9728,10.8508,36.01,2.8901,0.0477,88.42,99.77,False,False
1,78,4.1499,2.0235,36.12,2.8883,0.04799,88.13,99.77,False,False
1,79,4.042,6.3684,36.26,2.9005,0.04833,88.65,99.76,False,False
1,80,4.0203,9.2646,36.49,2.8868,0.0486,87.85,99.76,False,False
1,82,3.9996,10.782,36.95,2.8972,0.04848,87.94,99.76,False,False
1,84,4.087,5.4835,37.17,2.8837,0.04845,87.69,99.75,False,False
1,85,4.0095,9.5144,37.35,2.897,0.04803,87.35,99.75,False,False
1,86,4.0417,8.4859,37.48,2.8985,0.0483,88.72,99.75,False,False
1,87,4.1279,3.0614,37.47,2.8861,0.04859,89.18,99.74,False,False
1,89,4.042,8.5651,37.64,2.8969,0.048,88.33,99.74,False,False
1,90,4.0588,7.1248,37.67,2.8824,0.04825,87.49,99.73,False,False
1,91,3.9893,11.4328,37.96,2.8952,0.04839,88.42,99.73,False,False
1,92,4.0862,5.3137,38.14,2.9014,0.04807,87.82,99.73,False,False
1,93,4.0406,9.0725,38.35,2.8951,0.04804,88.43,99.73,False,False
1,94,4.0106,8.0429,38.43,2.8995,0.0478,88.72,99.72,False,False
1,96,4.1186,3.7363,38.55,2.8908,0.04814,88.54,99.72,False,False
1,97,4.0412,7.0523,38.62,2.9002,0.0485,89.17,99.71,False,False
1,98,4.0326,6.9126,38.72,2.8866,0.0486,88.13,99.71,False,False
1,99,4.1138,4.651,38.69,2.8857,0.04836,88.63,99.71,False,False
1,100,4.1541,2.346,38.66,2.9012,0.04861,87.64,99.7,False,False
1,101,4.0426,7.8702,38.79,2.8884,0.04816,88.92,99.7,False,False
1,104,4.0838,3.9856,38.96,2.8898,0.04783,89.14,99.69,False,False
1,106,4.0543,7.5293,39.2,2.8944,0.04869,89.0,99.68,False,False
1,107,4.121,4.2352,39.37,2.8876,0.04857,89.11,99.68,False,False
1,108,3.959,10.9288,39.56,2.8935,0.04843,88.79,99.68,False,False
1,109,4.0274,7.5407,39.77,2.896,0.04839,88.49,99.68,False,False
1,110,3.9747,10.7289,40.07,2.895,0.04846,88.77,99.67,False,False
1,112,4.0367,8.3057,40.33,2.8858,0.04822,87.93,99.67,False,False
1,113,3.9916,10.7073,40.55,2.8826,0.04858,88.98,99.66,False,False
1,114,4.1112,4.9681,40.55,2.8895,0.04872,88.56,99.66,False,False
1,115,4.0848,6.6632,40.56,2.8831,0.0485,89.2,99.66,False,False
1,116,4.0817,5.5852,40.74,2.8814,0.04782,88.86,99.66,False,False
1,117,3.9758,11.7446,41.01,2.88,0.04858,88.41,99.65,False,False
1,118,3.994,10.8576,41.26,2.8973,0.04861,88.48,99.65,False,False
1,120,3.9514,11.951,41.69,2.8804,0.04796,88.66,99.64,False,False
1,121,3.9923,9.2535,41.91,2.8965,0.04846,89.04,99.64,False,False
1,122,4.1175,2.5326,41.94,2.8941,0.04781,88.06,99.64,False,False
1,124,4.0392,7.3223,42.39,2.886,0.04817,87.33,99.63,False,False
1,125,4.0554,7.5751,42.63,2.8792,0.04786,88.77,99.63,False,False
1,127,4.1275,3.218,42.78,2.8936,0.04858,88.2,99.62,False,False
1,128,4.0007,9.1049,43.02,2.8975,0.04874,88.1,99.62,False,False
1,129,4.1167,3.9852,43.03,2.8832,0.04788,88.77,99.61,False,False
1,132,4.0895,4.092,43.22,2.8962,0.04804,87.57,99.61,False,False
1,133,3.9731,10.415,43.34,2.8888,0.04808,87.41,99.6,False,False
1,134,4.0946,6.0334,43.35,2.8881,0.04795,88.29,99.6,False,False
1,135,4.1197,2.3818,43.37,2.8917,0.048,89.14,99.6,False,False
1,136,3.9749,11.9496,43.67,2.8833,0.04837,87.67,99.6,False,False
1,138,4.0389,7.2453,44.05,2.8859,0.04818,88.02,99.59,False,False
1,139,4.0477,8.7241,44.15,2.8948,0.04874,88.35,99.59,False,False
1,140,4.0062,9.6918,44.36,2.891,0.04834,88.83,99.59,False,False
1,141,4.0899,3.8969,44.36,2.8871,0.04807,88.41,99.58,False,False
1,142,4.1385,2.2455,44.32,2.8976,0.0481,87.84,99.58,False,False
1,143,4.0868,6.4371,44.55,2.8968,0.04878,87.71,99.58,False,False
1,146,4.0087,9.6291,44.92,2.8939,0.04817,88.29,99.57,False,False
1,147,4.0594,8.0758,44.99,2.8837,0.04866,87.93,99.56,False,False
1,148,3.969,11.6248,45.26,2.8896,0.0484,87.69,99.56,False,False
1,149,4.0148,9.4517,45.51,2.884,0.0488,87.49,99.56,False,False
1,150,4.0198,9.9922,45.76,2.8782,0.04883,88.15,99.56,False,False
1,151,3.9931,11.0987,45.87,2.8872,0.04795,89.0,99.55,False,False
1,152,4.0108,10.3498,46.02,2.8896,0.04788,89.19,99.55,False,False
1,153,4.1412,3.0915,46.05,2.886,0.04864,89.2,99.55,False,False
1,154,4.0285,7.9511,46.08,2.8926,0.04848,87.48,99.54,False,False
1,155,3.9614,11.1991,46.37,2.8957,0.04878,89.28,99.54,False,False
1,158,3.9502,11.3816,46.82,2.8798,0.04816,87.44,99.53,False,False
1,159,4.0197,10.2295,46.9,2.8865,0.04867,87.88,99.53,False,False
1,160,3.9947,9.5455,47.15,2.8891,0.04801,88.75,99.52,False,False
1,162,4.1307,2.2383,47.28,2.878,0.04794,89.02,99.52,False,False
1,163,3.9506,11.8559,47.54,2.8934,0.04816,89.23,99.52,False,False
1,164,4.0133,9.3563,47.67,2.8878,0.04818,88.81,99.51,False,False
1,165,3.9535,11.8852,47.87,2.8823,0.04859,89.23,99.51,False,False
1,166,3.9879,11.4014,48.01,2.8903,0.04807,89.2,99.51,False,False
1,167,4.1199,4.4244,48.05,2.8939,0.04861,87.43,99.51,False,False
1,168,3.9819,10.4851,48.23,2.8932,0.04801,87.79,99.5,False,False
1,170,4.0807,5.3693,48.24,2.8952,0.04874,87.53,99.5,False,False
1,171,4.1629,2.0576,48.3,2.8765,0.04855,87.69,99.49,False,False
1,172,3.9788,10.1925,48.44,2.8899,0.04877,89.08,99.49,False,False
1,175,4.0262,9.1254,48.75,2.8929,0.0488,89.09,99.48,False,False
1,176,4.0411,6.9637,48.97,2.8885,0.04802,87.93,99.48,False,False
1,177,3.9828,9.6378,49.2,2.8939,0.04799,88.06,99.47,False,False
1,180,4.0973,4.1853,49.77,2.8887,0.0485,87.93,99.46,False,False
1,182,4.0311,8.837,50.08,2.8914,0.04822,88.85,99.46,False,False
1,183,4.0931,5.3025,50.11,2.8932,0.04808,89.27,99.45,False,False
1,184,4.0122,8.7001,50.38,2.8766,0.04818,87.77,99.45,False,False
1,187,4.0372,8.6203,51.02,2.8772,0.04891,88.76,99.44,False,False
1,188,4.1034,4.0082,51.07,2.8775,0.04863,88.18,99.44,False,False
1,189,3.992,10.4071,51.34,2.88,0.04819,88.93,99.44,False,False
1,191,4.1258,3.6565,51.4,2.8743,0.04881,89.38,99.43,False,False
1,192,4.0081,9.8198,51.5,2.8802,0.04874,87.97,99.43,False,False
1,193,4.0181,9.6337,51.71,2.8854,0.04889,89.46,99.43,False,False
1,194,4.1106,2.8382,51.66,2.8792,0.04876,88.97,99.42,False,False
1,196,4.0666,7.4863,51.97,2.8764,0.0487,88.18,99.41,False,False
1,197,4.0902,4.9943,52.06,2.8818,0.04866,88.43,99.41,False,False
1,198,4.1276,2.0375,52.05,2.8805,0.04878,88.91,99.41,False,False
1,199,4.0788,5.5416,52.06,2.8822,0.04865,88.18,99.41,False,False
1,200,3.9942,10.3139,52.22,2.8795,0.0489,89.21,99.4,False,False
1,201,4.0048,8.9114,52.28,2.8804,0.04857,89.47,99.4,False,False
1,202,4.0202,9.5109,52.56,2.8727,0.04874,88.04,99.4,False,False
1,204,4.0739,6.3057,52.8,2.8737,0.04886,88.56,99.39,False,False
1,205,4.0958,3.9759,52.86,2.8835,0.04875,87.9,99.39,False,False
1,206,4.0077,9.2141,53.1,2.892,0.0487,88.83,99.38,False,False
1,207,4.0848,6.3461,53.31,2.8863,0.04852,88.22,99.38,False,False
1,209,4.0745,6.3348,53.56,2.8891,0.04887,87.86,99.38,False,False
1,210,4.0699,5.6666,53.73,2.8903,0.04808,88.6,99.37,False,False
1,211,3.9897,11.4768,53.85,2.8745,0.04876,89.11,99.37,False,False
1,213,4.0005,9.3861,54.1,2.8863,0.04825,89.3,99.36,False,False
1,214,4.1237,2.0377,54.04,2.8799,0.04837,87.53,99.36,False,False
1,215,3.9834,10.4198,54.12,2.874,0.0487,88.14,99.36,False,False
1,216,3.9937,9.5838,54.36,2.8848,0.04825,88.92,99.36,False,False
1,217,3.9959,9.4113,54.55,2.8902,0.04861,87.89,99.35,False,False
1,218,4.0157,8.3435,54.71,2.8827,0.04901,87.9,99.35,False,False
1,219,3.9519,11.3728,54.85,2.8895,0.04896,87.65,99.35,False,False
1,222,4.1168,2.9484,55.0,2.8832,0.0488,88.86,99.33,False,False
1,223,4.0309,8.2249,55.0,2.8879,0.04891,88.76,99.33,False,False
1,224,4.0033,9.7085,55.0,2.874,0.04839,89.22,99.33,False,False
1,225,4.0847,5.9664,55.0,2.8841,0.04821,88.62,99.32,False,False
1,226,4.0333,8.1957,55.0,2.871,0.04852,87.58,99.32,False,False
1,227,4.109,4.2876,55.0,2.8774,0.04855,89.27,99.32,False,False
1,228,4.0208,7.5155,55.0,2.8718,0.04886,87.57,99.31,False,False
1,229,4.0855,5.7794,55.0,2.8877,0.04839,87.78,99.31,False,False
1,230,4.068,4.8339,54.98,2.8827,0.04809,88.48,99.3,False,False
1,231,3.9994,10.1925,55.0,2.8759,0.0488,88.22,99.3,False,False
1,233,4.0178,8.209,55.0,2.879,0.04847,87.75,99.3,False,False
1,234,4.0545,6.3671,55.0,2.8791,0.04906,88.57,99.29,False,False
1,236,4.0587,5.4907,55.0,2.8823,0.04879,88.79,99.29,False,False
1,237,3.9488,11.8906,55.0,2.8713,0.04855,88.14,99.28,False,False
1,238,4.072,5.1014,55.0,2.8781,0.04811,89.02,99.28,False,False
1,240,3.9865,9.3632,55.0,2.8749,0.04812,89.15,99.27,False,False
1,241,4.1126,2.908,54.99,2.8703,0.04885,88.9,99.27,False,False
1,243,4.1435,3.3405,55.0,2.8746,0.04889,89.0,99.26,False,False
1,244,3.9407,11.9761,55.0,2.8835,0.04868,88.89,99.26,False,False
1,245,4.0826,5.3002,55.0,2.8818,0.04878,88.07,99.26,False,False
1,246,4.0633,6.35,55.0,2.8784,0.04839,89.13,99.26,False,False
1,247,4.0205,8.4563,55.0,2.8801,0.04864,88.15,99.25,False,False
1,248,3.9966,11.3963,55.0,2.8732,0.04827,88.3,99.25,False,False
1,249,4.069,5.0877,55.0,2.8714,0.04822,87.66,99.25,False,False
1,250,4.1304,3.3471,55.0,2.8806,0.04886,88.63,99.25,False,False
1,252,4.0963,5.6889,55.0,2.8845,0.04844,87.61,99.24,False,False
1,253,4.0695,5.8609,55.0,2.8847,0.04873,88.1,99.24,False,False
1,254,4.0172,9.9336,55.0,2.8695,0.0484,87.76,99.23,False,False
1,255,4.0049,8.6433,55.0,2.8866,0.04813,88.34,99.23,False,False
1,256,4.0377,6.9136,55.0,2.8744,0.04898,88.32,99.23,False,False
1,257,4.0139,10.4894,55.0,2.8821,0.04821,89.1,99.22,False,False
1,258,4.06,6.9164,55.0,2.8846,0.04901,88.2,99.22,False,False
1,260,4.048,6.4476,55.0,2.8872,0.04887,88.8,99.22,False,False
1,261,4.0331,9.2384,55.0,2.8858,0.0483,88.61,99.21,False,False
1,262,4.1352,2.4301,55.0,2.8813,0.04842,89.34,99.21,False,False
1,265,4.0036,10.8963,55.0,2.8769,0.04848,88.86,99.2,False,False
1,266,4.0192,9.5597,55.0,2.884,0.0489,87.89,99.19,False,False
1,267,4.1106,2.9327,55.0,2.8747,0.04913,88.74,99.19,False,False
1,268,4.1048,4.9372,55.0,2.8857,0.04873,89.32,99.19,False,False
1,269,4.135,3.5925,54.99,2.8796,0.0487,87.92,99.18,False,False
1,270,4.1035,3.7597,54.94,2.8696,0.04904,89.55,99.18,False,False
1,271,4.05,6.2574,55.0,2.8818,0.04909,88.26,99.18,False,False
1,272,3.9801,9.8659,55.0,2.8795,0.04871,87.86,99.18,False,False
1,273,4.1159,2.4118,55.0,2.8745,0.04894,89.32,99.17,False,False
1,274,4.1118,2.7624,55.0,2.8742,0.0482,87.67,99.17,False,False
1,275,4.0379,8.2827,55.0,2.8846,0.04896,87.76,99.17,False,False
1,276,4.0896,4.3121,55.0,2.8673,0.04843,88.27,99.16,False,False
1,279,3.9835,11.454,55.0,2.8854,0.04912,88.56,99.16,False,False
1,280,4.0476,7.1472,55.0,2.8747,0.0483,88.18,99.15,False,False
1,281,4.0411,7.7628,55.0,2.8805,0.04849,88.18,99.15,False,False
1,282,4.094,5.101,55.0,2.8688,0.04915,88.14,99.15,False,False
1,283,4.046,8.5391,55.0,2.8714,0.04839,89.49,99.15,False,False
1,286,4.0438,6.477,55.0,2.8741,0.04876,88.04,99.14,False,False
1,287,3.9868,9.4319,55.0,2.8727,0.04879,89.25,99.13,False,False
1,288,4.048,7.293,55.0,2.8754,0.04835,88.65,99.13,False,False
1,289,4.0355,8.9213,55.0,2.8752,0.04905,88.24,99.12,False,False
1,290,4.1036,4.6849,55.0,2.8688,0.04895,89.27,99.12,False,False
1,293,4.1211,3.8442,55.0,2.8658,0.04842,89.44,99.11,False,False
1,294,4.0651,7.4549,55.0,2.877,0.04919,87.82,99.11,False,False
1,295,4.0238,8.5671,55.0,2.884,0.04921,89.01,99.1,False,False
1,296,4.1283,3.6495,55.0,2.8735,0.04838,88.64,99.1,False,False
1,297,4.0654,6.9369,55.0,2.8703,0.04898,89.14,99.1,False,False
1,298,4.0356,7.4981,55.0,2.8748,0.04834,89.02,99.09,False,False
1,299,4.0951,6.103,55.0,2.8832,0.04897,87.85,99.09,False,False
1,301,4.0015,8.6212,55.0,2.8819,0.04848,89.47,99.08,False,False
1,302,4.0702,7.4717,55.0,2.883,0.04883,88.08,99.08,False,False
1,304,3.9993,8.8425,55.0,2.8652,0.04855,88.13,99.07,False,False
1,305,4.0947,3.8076,55.0,2.8761,0.04847,89.07,99.07,False,False
1,306,4.1011,5.4769,55.0,2.864,0.04916,89.12,99.07,False,False
1,307,3.9972,10.3834,55.0,2.8674,0.04901,89.26,99.06,False,False
1,308,4.103,4.1783,55.0,2.879,0.04825,89.43,99.06,False,False
1,309,4.1057,4.6104,55.0,2.8671,0.04891,88.33,99.06,False,False
1,310,4.138,2.1246,55.0,2.8743,0.04873,89.46,99.05,False,False
1,311,4.0175,8.5679,55.0,2.8757,0.04875,88.85,99.05,False,False
1,313,4.084,5.6367,55.0,2.8775,0.04903,88.01,99.04,False,False
1,314,4.1444,3.3604,55.0,2.8673,0.04846,87.84,99.04,False,False
1,316,4.1297,3.816,55.0,2.8793,0.04851,88.28,99.03,False,False
1,317,4.003,10.8845,55.0,2.8633,0.04855,89.76,99.03,False,False
1,318,4.0482,6.8406,55.0,2.8794,0.04899,89.7,99.02,False,False
1,319,4.0245,8.3353,55.0,2.8701,0.04865,88.25,99.02,False,False
1,320,4.093,4.1185,55.0,2.868,0.04918,89.74,99.02,False,False
1,321,4.1301,4.0463,54.98,2.8789,0.0483,88.46,99.01,False,False
1,323,4.1314,2.658,55.0,2.879,0.04842,88.7,99.01,False,False
1,324,4.0973,5.1163,55.0,2.8784,0.04833,87.92,99.0,False,False
1,325,4.127,3.8354,54.98,2.8788,0.04833,88.49,99.0,False,False
1,327,4.0933,6.0127,55.0,2.8727,0.04865,88.03,98.99,False,False
1,328,4.102,4.2426,55.0,2.8668,0.04841,88.28,98.99,False,False
1,331,3.9943,11.614,55.0,2.8674,0.04838,88.63,98.98,False,False
1,332,4.0619,5.8141,55.0,2.8657,0.04891,87.99,98.97,False,False
1,333,4.0413,8.1304,55.0,2.872,0.04908,89.0,98.97,False,False
1,334,4.0165,8.4398,55.0,2.8795,0.04908,88.11,98.97,False,False
1,335,3.9772,10.1153,55.0,2.8781,0.04872,88.31,98.96,False,False
1,337,4.0806,6.3584,55.0,2.8756,0.04908,89.34,98.96,False,False
1,338,4.0338,7.4763,55.0,2.8699,0.0493,88.21,98.96,False,False
1,339,3.9753,10.9039,55.0,2.8793,0.04871,88.51,98.95,False,False
1,340,4.0756,7.0575,55.0,2.8624,0.04906,89.47,98.95,False,False
1,341,4.0195,9.8358,55.0,2.8667,0.04859,88.6,98.95,False,False
1,343,4.0769,6.3503,55.0,2.8752,0.04854,88.09,98.94,False,False
1,344,4.1361,2.4917,54.98,2.8703,0.0485,88.65,98.94,False,False
1,345,4.0088,8.656,55.0,2.8695,0.04861,87.97,98.94,False,False
1,346,3.9573,11.6997,55.0,2.8754,0.04889,88.12,98.93,False,False
1,349,4.0682,6.9787,55.0,2.8716,0.04926,87.99,98.92,False,False
1,350,4.014,9.9133,55.0,2.8628,0.04853,89.02,98.92,False,False
1,351,4.136,2.7499,55.0,2.8744,0.04859,89.61,98.92,False,False
1,352,4.0969,4.9567,55.0,2.8703,0.04909,88.42,98.91,False,False
1,355,4.0488,8.5081,55.0,2.8679,0.0488,89.62,98.91,False,False
1,356,4.1062,2.7459,54.94,2.8752,0.04899,88.2,98.91,False,False
1,357,4.0931,3.9347,54.94,2.8662,0.04917,89.26,98.9,False,False
1,358,4.1187,2.1626,54.99,2.8686,0.04856,89.71,98.9,False,False
1,359,4.0155,8.3374,55.0,2.8717,0.04845,89.53,98.9,False,False
1,360,3.9676,11.3511,55.0,2.8747,0.04878,88.96,98.9,False,False
1,362,3.9973,11.01,55.0,2.876,0.04905,88.17,98.89,False,False
1,363,4.1395,2.5202,55.0,2.8624,0.04877,89.44,98.89,False,False
1,364,4.0529,7.3591,55.0,2.8624,0.04843,87.98,98.88,False,False
1,365,3.9939,11.536,55.0,2.8684,0.04895,88.73,98.88,False,False
1,366,4.0652,6.0171,55.0,2.8685,0.04918,88.19,98.88,False,False
1,368,4.0219,9.2983,55.0,2.8678,0.04874,89.09,98.87,False,False
1,369,4.0469,8.6473,55.0,2.8601,0.04908,89.4,98.87,False,False
1,370,4.0911,3.6421,55.0,2.8579,0.04917,88.53,98.87,False,False
1,371,4.0263,8.8107,55.0,2.8642,0.04875,88.64,98.86,False,False
1,372,4.0332,7.8662,55.0,2.8672,0.04847,89.21,98.86,False,False
1,375,4.0116,9.248,55.0,2.8688,0.04856,89.07,98.85,False,False
1,376,4.1391,2.571,55.0,2.8726,0.04846,87.97,98.85,False,False
1,377,4.1179,2.768,55.0,2.8632,0.04852,89.83,98.84,False,False
1,378,4.1311,3.5063,55.0,2.8588,0.04926,89.88,98.84,False,False
1,379,4.0849,5.2527,55.0,2.8709,0.04933,87.94,98.84,False,False
1,381,4.1122,4.4194,55.0,2.8717,0.04892,88.82,98.83,False,False
1,382,3.9828,11.4161,55.0,2.8732,0.04936,89.36,98.83,False,False
1,383,4.0729,6.1301,55.0,2.8692,0.04884,88.9,98.83,False,False
1,384,4.0016,9.8377,55.0,2.8709,0.04855,89.53,98.82,False,False
1,385,4.0922,3.6634,55.0,2.8663,0.04848,88.06,98.82,False,False
1,386,4.0946,4.1595,55.0,2.8723,0.04857,89.62,98.82,False,False
1,388,4.0695,6.6617,55.0,2.8732,0.04943,88.45,98.82,False,False
1,389,4.0499,6.9902,55.0,2.869,0.04865,88.53,98.81,False,False
1,390,4.0901,4.7733,55.0,2.8602,0.04864,88.67,98.81,False,False
1,391,4.0006,11.1599,55.0,2.8598,0.04929,88.38,98.81,False,False
1,392,4.0573,6.1694,55.0,2.8652,0.04937,89.44,98.8,False,False
1,395,4.158,2.1946,55.0,2.8702,0.04919,89.28,98.8,False,False
1,396,4.0618,6.4486,55.0,2.8614,0.04923,88.67,98.79,False,False
1,397,3.9853,10.7931,55.0,2.8682,0.04877,89.16,98.79,False,False
1,398,4.0522,6.359,55.0,2.8665,0.04878,89.04,98.79,False,False
1,400,4.0956,4.4013,55.0,2.857,0.04878,89.93,98.78,False,False
1,401,3.9867,11.6526,55.0,2.8728,0.0489,88.81,98.77,False,False
1,402,4.047,6.6839,55.0,2.8621,0.0489,89.77,98.77,False,False
1,403,4.1161,3.9177,55.0,2.8653,0.04856,89.68,98.77,False,False
1,404,3.9549,11.3191,55.0,2.8664,0.04883,89.29,98.77,False,False
1,405,4.0928,4.7641,55.0,2.8551,0.04931,89.62,98.76,False,False
1,407,4.001,10.1966,55.0,2.8632,0.04905,89.23,98.75,False,False
1,408,4.059,7.2966,55.0,2.868,0.04919,89.57,98.75,False,False
1,409,3.9955,11.2265,55.0,2.863,0.04945,88.47,98.75,False,False
1,411,4.1235,3.7683,55.0,2.8644,0.04931,88.66,98.74,False,False
1,412,3.9918,9.927,55.0,2.8565,0.04919,89.58,98.74,False,False
1,413,4.1022,3.3822,55.0,2.8574,0.04901,89.33,98.74,False,False
1,414,4.092,6.1927,55.0,2.8649,0.04904,88.63,98.73,False,False
1,415,4.0671,5.7209,55.0,2.8624,0.04858,88.82,98.73,False,False
1,416,4.1239,2.8119,55.0,2.8709,0.04946,89.95,98.72,False,False
1,417,4.0499,7.7795,55.0,2.8715,0.04941,88.55,98.72,False,False
1,419,3.9824,10.9903,55.0,2.8608,0.04946,88.67,98.71,False,False
1,420,4.1636,2.01,55.0,2.8655,0.04913,88.43,98.71,False,False
1,421,3.9842,10.1878,55.0,2.8549,0.04948,89.66,98.71,False,False
1,422,4.1448,2.4497,55.0,2.8639,0.04914,89.16,98.71,False,False
1,424,4.1201,3.5338,55.0,2.8569,0.04905,88.93,98.7,False,False
1,425,4.0149,8.2251,55.0,2.8719,0.04882,89.9,98.7,False,False
1,426,4.0854,4.5997,55.0,2.8576,0.04937,88.45,98.69,False,False
1,427,4.1345,3.6281,55.0,2.8613,0.04954,89.6,98.69,False,False
1,429,4.027,7.9369,55.0,2.8671,0.04944,89.43,98.68,False,False
1,430,4.1243,3.5431,55.0,2.8539,0.04879,88.33,98.68,False,False
1,431,3.9937,10.9308,55.0,2.8694,0.04863,89.99,98.68,False,False
1,432,4.1401,2.3503,55.0,2.8692,0.04933,89.68,98.68,False,False
1,433,4.0108,8.7093,55.0,2.8651,0.04861,88.56,98.67,False,False
1,435,4.0465,7.5074,55.0,2.8662,0.04888,88.35,98.67,False,False
1,436,4.049,8.6417,55.0,2.8512,0.04897,88.65,98.66,False,False
1,437,4.048,6.7677,55.0,2.8517,0.04872,89.03,98.66,False,False
1,438,3.9747,11.7693,55.0,2.8589,0.04899,89.52,98.65,False,False
1,439,4.028,9.2974,55.0,2.8646,0.04914,88.33,98.65,False,False
1,440,4.1378,3.4459,54.97,2.867,0.04906,89.96,98.65,False,False
1,442,3.9891,11.3752,55.0,2.8697,0.04864,88.09,98.64,False,False
1,443,4.018,9.6302,55.0,2.8704,0.04905,88.38,98.64,False,False
1,444,4.0375,6.771,55.0,2.853,0.04912,89.36,98.63,False,False
1,445,4.0918,6.0881,55.0,2.8554,0.0494,88.39,98.63,False,False
1,446,4.0198,7.9162,55.0,2.8522,0.04918,88.72,98.63,False,False
1,447,4.0929,4.3786,55.0,2.8615,0.04865,89.53,98.63,False,False
1,449,4.0314,8.3947,55.0,2.8607,0.04939,90.0,98.62,False,False
1,450,4.0216,9.2931,55.0,2.8574,0.04944,88.5,98.62,False,False
1,451,4.0454,7.1892,55.0,2.8623,0.04878,89.41,98.62,False,False
1,452,4.0704,7.1571,55.0,2.8603,0.04921,89.77,98.61,False,False
1,453,4.0791,4.7064,55.0,2.8585,0.04947,88.28,98.61,False,False
1,456,4.0093,8.2498,55.0,2.8629,0.04867,88.58,98.6,False,False
1,457,4.0455,8.4508,55.0,2.8666,0.04879,88.13,98.6,False,False
1,458,4.0204,9.9013,55.0,2.8547,0.0495,88.61,98.6,False,False
1,459,4.0607,6.1576,55.0,2.8524,0.04955,88.7,98.6,False,False
1,460,4.0638,6.3799,55.0,2.8679,0.04883,89.75,98.6,False,False
1,462,4.1547,2.0816,55.0,2.8495,0.04893,88.29,98.59,False,False
1,463,4.098,3.7534,54.96,2.8579,0.04908,89.69,98.58,False,False
1,464,3.9596,11.3796,55.0,2.8634,0.04952,89.26,98.58,False,False
1,465,4.0966,3.2759,54.98,2.8661,0.04886,89.01,98.58,False,False
1,466,3.9977,10.6796,55.0,2.8513,0.04894,88.52,98.58,False,False
1,467,4.0586,6.8903,55.0,2.8576,0.04929,88.79,98.58,False,False
1,468,4.0389,9.1197,55.0,2.8504,0.04886,90.11,98.57,False,False
1,469,4.0016,10.9159,55.0,2.8534,0.04884,88.98,98.57,False,False
1,470,4.0095,8.6628,55.0,2.8638,0.0496,89.98,98.57,False,False
1,471,4.1206,3.3802,55.0,2.8648,0.04917,90.07,98.57,False,False
1,472,4.1396,3.2204,55.0,2.8546,0.04882,90.05,98.57,False,False
1,473,4.0706,7.3307,55.0,2.8632,0.04929,89.14,98.56,False,False
1,474,4.0662,5.4212,55.0,2.8543,0.04926,88.21,98.56,False,False
1,476,3.9963,9.9096,55.0,2.861,0.04868,89.87,98.55,False,False
1,477,4.0768,4.3496,54.97,2.8542,0.0493,88.34,98.55,False,False
1,478,3.9911,10.9877,55.0,2.8586,0.04938,88.26,98.55,False,False
1,480,4.0161,10.0098,55.0,2.8482,0.04954,88.92,98.54,False,False
1,481,4.0444,7.3011,55.0,2.8675,0.04872,89.72,98.54,False,False
1,483,4.0217,9.7757,55.0,2.8606,0.0488,90.01,98.53,False,False
1,485,4.0609,6.4071,55.0,2.8594,0.0488,88.45,98.52,False,False
1,486,4.0281,8.6418,55.0,2.8509,0.04921,90.11,98.52,False,False
1,488,4.1159,2.6083,55.0,2.8608,0.04873,89.65,98.52,False,False
1,490,4.0705,6.5033,55.0,2.8518,0.04939,88.35,98.51,False,False
1,491,4.0324,8.1378,55.0,2.8503,0.04885,89.7,98.51,False,False
1,492,4.0117,10.2744,55.0,2.8642,0.04913,89.85,98.5,False,False
1,493,4.1267,3.3131,55.0,2.8537,0.04949,88.3,98.5,False,False
1,495,4.0516,6.8823,55.0,2.8596,0.0488,88.49,98.49,False,False
1,497,4.1279,3.4521,55.0,2.8516,0.04889,88.24,98.49,False,False
1,498,4.0674,5.8537,55.0,2.851,0.04892,88.93,98.48,False,False
1,500,3.9738,11.7916,55.0,2.8558,0.04899,89.59,98.48,False,False
1,502,3.948,11.8421,55.0,2.8545,0.04898,89.58,98.47,False,False
1,503,4.1386,2.9438,55.0,2.863,0.04887,89.66,98.47,False,False
1,505,4.0912,3.8016,54.97,2.8637,0.04921,89.01,98.46,False,False
1,507,4.0367,8.8116,55.0,2.8484,0.04894,89.66,98.46,False,False
1,508,3.995,10.5932,55.0,2.8544,0.04938,89.54,98.46,False,False
1,509,4.0608,6.3335,55.0,2.8488,0.04959,89.15,98.46,False,False
1,510,3.9797,10.815,55.0,2.86,0.04951,89.54,98.45,False,False
1,512,4.1269,4.0699,55.0,2.8563,0.04893,89.9,98.44,False,False
1,513,4.0027,8.8423,55.0,2.846,0.0488,90.02,98.44,False,False
1,514,4.1268,4.2894,55.0,2.8498,0.04968,90.19,98.44,False,False
1,515,4.1228,4.5488,55.0,2.8513,0.04952,89.49,98.44,False,False
1,517,4.0502,8.1251,55.0,2.8492,0.04901,88.74,98.43,False,False
1,518,4.0967,4.4638,55.0,2.8595,0.04967,90.22,98.43,False,False
1,519,4.0262,7.7034,55.0,2.8538,0.04974,88.54,98.43,False,False
1,520,4.0839,4.9122,55.0,2.8508,0.0493,89.62,98.42,False,False
1,522,4.1329,2.1897,55.0,2.8617,0.04953,90.12,98.42,False,False
1,523,4.0209,10.1798,55.0,2.86,0.04893,88.87,98.41,False,False
1,524,4.1062,3.7483,55.0,2.852,0.04892,89.9,98.41,False,False
1,525,4.0382,8.481,55.0,2.8503,0.04954,88.33,98.41,False,False
1,526,4.0461,7.7926,55.0,2.8579,0.0491,89.39,98.4,False,False
1,527,4.1363,2.2153,55.0,2.8488,0.04879,89.59,98.4,False,False
1,528,4.1037,4.865,54.99,2.8625,0.04977,89.39,98.4,False,False
1,529,3.9939,9.9963,55.0,2.8516,0.04885,90.04,98.4,False,False
1,530,4.0188,9.9629,55.0,2.8492,0.04941,88.31,98.39,False,False
1,531,3.9763,11.2214,55.0,2.8469,0.04887,88.33,98.39,False,False
1,532,4.1229,2.5249,55.0,2.8466,0.04941,89.99,98.39,False,False
1,533,4.1159,3.0672,54.95,2.8487,0.04926,88.58,98.39,False,False
1,534,4.0241,8.8955,55.0,2.8494,0.04907,88.56,98.38,False,False
1,535,4.034,7.679,55.0,2.8536,0.04946,88.93,98.38,False,False
1,536,4.0378,8.1212,55.0,2.8435,0.04973,88.46,98.38,False,False
1,537,4.0703,6.5716,55.0,2.8575,0.04885,88.58,98.37,False,False
1,538,4.1131,4.2708,55.0,2.8586,0.0496,89.43,98.37,False,False
1,540,4.1313,3.8145,55.0,2.8581,0.04918,90.04,98.36,False,False
1,541,4.0372,7.5145,55.0,2.8527,0.04917,89.57,98.36,False,False
1,542,4.1174,3.5476,55.0,2.8559,0.04974,89.56,98.36,False,False
1,543,4.0605,5.5429,55.0,2.8526,0.0498,88.39,98.35,False,False
1,545,4.0147,8.3236,55.0,2.8536,0.04923,89.15,98.35,False,False
1,546,4.0455,8.1453,55.0,2.8551,0.04971,90.21,98.34,False,False
1,547,4.0622,7.5205,55.0,2.8445,0.04968,88.53,98.34,False,False
1,548,4.1433,2.5978,55.0,2.8574,0.04889,88.72,98.34,False,False
1,550,4.0846,4.3758,55.0,2.8607,0.04893,90.07,98.33,False,False
1,551,4.1117,3.9083,54.97,2.8615,0.04941,88.46,98.33,False,False
1,552,4.0373,7.768,55.0,2.8533,0.04885,88.97,98.33,False,False
1,553,4.0651,7.479,55.0,2.8426,0.04934,88.74,98.32,False,False
1,554,4.0317,7.0813,55.0,2.8571,0.04956,89.7,98.32,False,False
1,555,4.0911,6.2581,55.0,2.8478,0.04963,89.94,98.32,False,False
1,556,4.0461,7.5959,55.0,2.8474,0.04915,90.21,98.31,False,False
1,557,4.1236,3.7206,54.98,2.8466,0.04932,90.18,98.31,False,False
1,558,4.0445,7.3287,54.99,2.8431,0.04885,90.11,98.31,False,False
1,559,4.057,5.4776,55.0,2.8449,0.04984,89.98,98.31,False,False
1,560,3.9632,11.9271,55.0,2.8578,0.04976,89.81,98.31,False,False
1,562,4.1482,2.2143,55.0,2.8501,0.04902,88.91,98.3,False,False
1,564,3.9769,9.9516,55.0,2.857,0.04965,89.79,98.3,False,False
1,565,4.0195,7.9025,55.0,2.8569,0.04984,90.11,98.29,False,False
1,567,3.9908,9.5984,55.0,2.8514,0.0496,89.7,98.28,False,False
1,569,4.0495,6.0772,54.93,2.8499,0.04914,89.09,98.28,False,False
1,570,4.0353,9.1003,55.0,2.8445,0.04923,88.52,98.28,False,False
1,572,4.1434,2.9752,55.0,2.8405,0.04978,89.41,98.27,False,False
1,574,4.0475,6.2994,55.0,2.8547,0.04918,89.57,98.26,False,False
1,575,4.0163,8.4195,55.0,2.8536,0.04914,89.59,98.26,False,False
1,576,3.9602,11.8866,55.0,2.8594,0.04906,88.96,98.26,False,False
1,577,4.1015,3.6108,54.96,2.8411,0.04917,89.73,98.26,False,False
1,579,4.0982,5.9115,55.0,2.8584,0.04917,88.71,98.25,False,False
1,580,4.0829,5.211,55.0,2.8413,0.04941,88.82,98.24,False,False
1,581,4.1246,2.9656,55.0,2.8465,0.04983,88.77,98.24,False,False
1,582,3.9846,10.8757,55.0,2.8577,0.04922,88.95,98.24,False,False
1,583,4.1228,3.341,55.0,2.84,0.04956,89.3,98.24,False,False
1,584,4.0421,6.8266,55.0,2.8389,0.04935,89.19,98.23,False,False
1,585,4.0074,10.3154,55.0,2.8582,0.04937,90.28,98.23,False,False
1,586,4.0857,4.0445,54.98,2.8443,0.0499,89.51,98.23,False,False
1,587,4.038,6.8387,55.0,2.8456,0.04921,90.39,98.23,False,False
1,588,4.102,4.5695,54.97,2.8432,0.04982,90.11,98.23,False,False
1,589,4.0071,10.4706,55.0,2.8448,0.04926,89.15,98.22,False,False
1,590,4.1058,3.7333,55.0,2.8523,0.04945,88.95,98.22,False,False
1,591,4.0137,9.2218,55.0,2.8392,0.04948,89.73,98.22,False,False
1,592,3.9826,9.6467,55.0,2.8582,0.04907,89.36,98.22,False,False
1,593,4.1144,3.5973,55.0,2.8498,0.04942,88.86,98.21,False,False
1,594,4.0184,9.0525,55.0,2.8389,0.04911,90.2,98.21,False,False
1,595,4.112,4.9969,55.0,2.8484,0.0495,89.69,98.21,False,False
1,596,4.1163,3.7673,55.0,2.8401,0.04952,88.62,98.2,False,False
1,597,4.1329,3.3672,54.94,2.8418,0.04952,89.01,98.2,False,False
1,599,4.036,9.3066,55.0,2.8454,0.04946,88.59,98.19,False,False
1,600,4.0771,5.8784,55.0,2.8459,0.04947,88.54,98.19,False,False
1,601,4.0628,7.4591,55.0,2.844,0.04922,89.37,98.19,False,False
1,602,3.9747,11.4931,55.0,2.8455,0.04941,89.73,98.19,False,False
1,603,4.0327,6.8864,55.0,2.8504,0.04916,88.92,98.19,False,False
1,604,4.0571,7.1696,55.0,2.8482,0.0499,89.95,98.18,False,False
1,605,4.0063,9.0403,55.0,2.8556,0.04957,90.22,98.18,False,False
1,606,3.9527,11.2826,55.0,2.8439,0.04983,89.98,98.18,False,False
1,607,4.1117,3.4838,55.0,2.8411,0.04937,90.1,98.17,False,False
1,608,4.0248,7.2692,55.0,2.8421,0.04963,88.95,98.17,False,False
1,609,4.0213,9.6731,55.0,2.8527,0.04934,89.56,98.17,False,False
1,610,4.0878,6.2891,55.0,2.8494,0.0497,89.02,98.16,False,False
1,611,4.0618,5.4613,55.0,2.853,0.04906,89.54,98.16,False,False
1,612,4.0379,7.583,55.0,2.851,0.04928,88.93,98.16,False,False
1,613,4.0818,6.4713,55.0,2.8491,0.0496,89.86,98.16,False,False
1,614,4.0367,7.4543,55.0,2.8557,0.04912,89.41,98.15,False,False
1,616,4.0349,8.9249,55.0,2.8523,0.04977,89.53,98.15,False,False
1,617,3.9993,10.9396,55.0,2.8495,0.04927,89.6,98.14,False,False
1,618,4.0542,8.0837,55.0,2.8402,0.04981,90.08,98.14,False,False
1,619,4.0056,8.9057,55.0,2.846,0.0497,88.7,98.14,False,False
1,620,3.9943,11.3594,55.0,2.8497,0.04904,88.87,98.13,False,False
1,621,4.0591,7.5118,55.0,2.8555,0.0499,89.72,98.13,False,False
1,622,3.9976,9.1524,55.0,2.8542,0.04991,89.0,98.13,False,False
1,623,4.1231,4.0343,55.0,2.844,0.0496,89.88,98.13,False,False
1,624,4.1548,2.1188,55.0,2.845,0.04913,89.08,98.12,False,False
1,625,4.0836,5.1405,55.0,2.847,0.04979,89.99,98.12,False,False
1,626,4.1433,2.1691,55.0,2.8365,0.04969,89.52,98.12,False,False
1,627,3.9758,10.3493,55.0,2.8474,0.04996,89.0,98.11,False,False
1,628,4.113,2.7937,55.0,2.8545,0.04943,90.33,98.11,False,False
1,629,4.1469,2.4953,55.0,2.8443,0.04992,89.3,98.1,False,False
1,630,4.0842,4.6715,54.98,2.8469,0.04994,89.77,98.1,False,False
1,632,4.0348,8.2972,55.0,2.8446,0.04963,88.66,98.1,False,False
1,633,4.061,7.9785,55.0,2.8436,0.04911,89.42,98.09,False,False
1,634,4.024,7.8326,55.0,2.8525,0.04935,89.93,98.09,False,False
1,635,3.9797,9.8668,55.0,2.8389,0.04985,88.66,98.09,False,False
1,636,3.9866,11.0483,55.0,2.8492,0.04904,89.49,98.09,False,False
1,637,3.9947,11.2016,55.0,2.8522,0.04961,89.46,98.08,False,False
1,638,4.0243,9.0546,55.0,2.8461,0.04985,88.8,98.08,False,False
1,639,3.9695,10.6802,55.0,2.8362,0.04939,89.84,98.08,False,False
1,640,3.9992,9.8905,55.0,2.8429,0.04974,90.07,98.08,False,False
1,641,3.9968,10.4444,55.0,2.8526,0.04965,88.92,98.07,False,False
1,644,4.0807,4.1957,55.0,2.8538,0.04965,88.64,98.06,False,False
1,645,4.0171,8.1461,55.0,2.847,0.04996,88.63,98.06,False,False
1,646,4.023,8.2602,55.0,2.8444,0.04925,88.87,98.06,False,False
1,647,4.0921,4.9945,55.0,2.8377,0.04941,89.55,98.05,False,False
1,649,4.0577,6.8245,55.0,2.8504,0.04935,89.17,98.05,False,False
1,650,4.0022,8.5099,55.0,2.8495,0.04946,90.05,98.04,False,False
1,651,4.1095,3.7231,55.0,2.8344,0.04954,89.43,98.04,False,False
1,652,3.945,11.9826,55.0,2.8362,0.04949,90.09,98.04,False,False
1,653,4.1029,3.0226,55.0,2.833,0.04984,90.11,98.03,False,False
1,654,4.0846,4.2787,55.0,2.849,0.05,89.84,98.03,False,False
1,655,4.0211,8.1782,55.0,2.8396,0.04957,89.22,98.02,False,False
1,656,3.9899,9.5965,55.0,2.8407,0.04928,89.87,98.02,False,False
1,657,4.0185,8.7243,55.0,2.8396,0.04936,90.35,98.02,False,False
1,658,4.1257,2.1676,54.95,2.8333,0.04925,90.5,98.02,False,False
1,661,4.0681,5.5731,55.0,2.8444,0.0491,90.47,98.01,False,False
1,662,4.0659,5.0313,55.0,2.8371,0.04995,89.03,98.01,False,False
1,663,4.0009,9.2529,55.0,2.8495,0.05002,90.26,98.01,False,False
1,666,4.1225,2.7746,55.0,2.8422,0.04942,89.84,97.99,False,False
1,667,4.0285,7.7824,55.0,2.835,0.04929,88.81,97.99,False,False
1,668,3.99,11.707,55.0,2.8328,0.04916,89.09,97.98,False,False
1,669,4.1579,2.6122,55.0,2.8491,0.04932,90.29,97.98,False,False
1,670,3.9925,10.8336,55.0,2.8488,0.05007,89.47,97.98,False,False
1,672,3.9931,9.0888,55.0,2.8348,0.04957,90.43,97.97,False,False
1,673,3.9748,11.8645,55.0,2.8367,0.04963,90.4,97.97,False,False
1,674,4.0733,7.0134,55.0,2.8354,0.04949,90.49,97.97,False,False
1,675,4.1051,4.2106,55.0,2.8345,0.04945,90.46,97.96,False,False
1,678,4.0739,5.761,55.0,2.8335,0.04979,89.34,97.95,False,False
1,679,4.1042,4.457,55.0,2.8493,0.04961,89.63,97.95,False,False
1,680,4.1565,2.1588,55.0,2.8328,0.04986,90.57,97.94,False,False
1,683,4.0588,5.703,55.0,2.8386,0.04964,90.22,97.93,False,False
1,684,4.0023,8.5415,55.0,2.8405,0.04933,89.51,97.93,False,False
1,685,4.1047,3.9122,55.0,2.8409,0.04975,89.67,97.93,False,False
1,686,3.9586,11.9898,55.0,2.8467,0.04973,90.36,97.93,False,False
1,687,4.133,3.9753,55.0,2.8407,0.04952,88.78,97.92,False,False
1,688,4.0061,10.2171,55.0,2.8308,0.04924,90.21,97.92,False,False
1,689,4.0776,5.1421,55.0,2.8413,0.04999,89.32,97.92,False,False
1,690,4.0709,4.7779,55.0,2.8485,0.04988,89.39,97.92,False,False
1,692,3.9782,11.7141,55.0,2.8418,0.04977,90.32,97.91,False,False
1,693,3.9561,11.4375,55.0,2.8392,0.04952,89.56,97.91,False,False
1,695,4.0666,6.2867,55.0,2.8396,0.04923,89.07,97.9,False,False
1,696,4.0791,5.0333,55.0,2.8342,0.04998,89.44,97.9,False,False
1,697,3.99,11.4318,55.0,2.8465,0.04939,89.17,97.9,False,False
1,698,4.0997,4.9783,55.0,2.8375,0.04976,88.92,97.89,False,False
1,699,3.9425,11.8309,55.0,2.8305,0.04977,88.92,97.89,False,False
1,700,4.0915,4.8633,55.0,2.8303,0.05013,89.17,97.89,False,False
1,701,4.036,8.5956,55.0,2.8486,0.04954,89.52,97.88,False,False
1,702,4.0832,6.5288,55.0,2.8393,0.04972,89.19,97.88,False,False
1,703,4.1182,3.1934,54.96,2.8364,0.04955,90.08,97.88,False,False
1,704,4.0747,5.8024,55.0,2.8416,0.0492,89.38,97.87,False,False
1,705,4.0172,9.4775,55.0,2.8311,0.04984,90.05,97.87,False,False
1,706,4.0934,3.9831,55.0,2.8349,0.04956,89.95,97.87,False,False
1,707,4.1223,3.0505,55.0,2.8458,0.05017,90.11,97.86,False,False
1,709,3.9909,10.3865,55.0,2.842,0.04995,89.85,97.86,False,False
1,710,4.0367,8.5912,55.0,2.8323,0.0493,89.01,97.85,False,False
1,711,4.0604,6.9431,55.0,2.8391,0.0496,90.07,97.85,False,False
1,712,4.0893,3.9484,55.0,2.8432,0.04951,90.72,97.84,False,False
1,714,3.9886,9.3745,55.0,2.8359,0.04936,89.01,97.84,False,False
1,716,4.1033,4.6849,55.0,2.8436,0.05021,88.93,97.84,False,False
1,717,3.9731,11.4405,55.0,2.843,0.04944,89.14,97.83,False,False
1,718,4.0799,4.2625,55.0,2.842,0.05009,89.14,97.83,False,False
1,719,4.1259,3.1612,55.0,2.8429,0.04959,89.78,97.83,False,False
1,720,4.1029,5.3232,55.0,2.8399,0.04981,90.24,97.83,False,False
1,721,4.1404,2.755,55.0,2.8351,0.04965,89.13,97.82,False,False
1,724,4.0233,7.4893,55.0,2.8387,0.04933,90.66,97.82,False,False
1,725,3.9785,10.1532,55.0,2.8465,0.05015,89.85,97.81,False,False
1,726,4.0174,8.1379,55.0,2.8424,0.04972,89.74,97.81,False,False
1,727,3.9938,11.1133,55.0,2.8342,0.04938,89.42,97.81,False,False
1,728,3.9576,11.5098,55.0,2.8457,0.04929,89.1,97.81,False,False
1,729,3.9818,9.679,55.0,2.8443,0.05012,88.84,97.8,False,False
1,731,4.1093,4.9248,55.0,2.831,0.04958,89.68,97.8,False,False
1,733,3.9775,11.0694,55.0,2.8343,0.0501,90.69,97.8,False,False
1,734,3.9843,10.063,55.0,2.8276,0.04962,90.48,97.79,False,False
1,735,3.9835,11.1052,55.0,2.8342,0.05015,89.28,97.79,False,False
1,737,4.126,2.0152,55.0,2.8268,0.04979,89.84,97.78,False,False
1,738,4.0978,4.1503,55.0,2.8361,0.04996,89.47,97.78,False,False
1,740,3.9968,9.7108,55.0,2.8352,0.04945,89.41,97.77,False,False
1,741,4.0905,5.3913,55.0,2.833,0.04941,89.32,97.77,False,False
1,742,4.0795,4.6955,55.0,2.8409,0.05002,90.12,97.76,False,False
1,744,4.0249,7.62,55.0,2.8356,0.04955,89.26,97.76,False,False
1,745,4.1216,3.0276,55.0,2.8368,0.05007,88.88,97.75,False,False
1,747,4.0599,7.3713,55.0,2.8274,0.04957,90.22,97.75,False,False
1,748,3.9905,10.1296,55.0,2.8432,0.04963,89.38,97.74,False,False
1,749,4.1262,2.1004,54.93,2.83,0.04988,90.63,97.74,False,False
1,752,4.0267,7.7794,55.0,2.8406,0.04938,90.78,97.73,False,False
1,753,4.0553,7.4997,55.0,2.8423,0.05012,89.69,97.72,False,False
1,754,4.0738,4.5344,55.0,2.833,0.04935,90.02,97.72,False,False
1,756,4.037,7.0016,55.0,2.8245,0.05028,90.12,97.72,False,False
1,757,4.0519,6.0992,55.0,2.8375,0.04988,89.91,97.71,False,False
1,758,3.9647,11.015,55.0,2.8293,0.05014,89.57,97.71,False,False
1,759,4.0677,5.3442,55.0,2.841,0.04945,89.0,97.7,False,False
1,761,4.0753,6.2805,55.0,2.837,0.04935,90.79,97.7,False,False
1,762,4.1307,2.7563,54.97,2.8239,0.04953,89.34,97.7,False,False
1,763,3.9971,9.263,55.0,2.8409,0.04978,88.85,97.69,False,False
1,764,4.0641,5.3823,55.0,2.8355,0.05032,88.89,97.69,False,False
1,765,4.0205,8.2894,55.0,2.8394,0.05015,90.33,97.69,False,False
1,767,4.0344,8.3818,55.0,2.8259,0.05004,88.96,97.68,False,False
1,769,4.0316,8.4183,55.0,2.8233,0.04981,89.43,97.68,False,False
1,770,4.1021,3.0987,55.0,2.8288,0.04942,89.02,97.67,False,False
1,771,4.1404,2.2112,55.0,2.8288,0.05012,90.52,97.67,False,False
1,772,4.057,5.8563,55.0,2.8229,0.05034,89.79,97.67,False,False
1,773,4.0843,3.9342,55.0,2.8388,0.04959,89.11,97.66,False,False
1,774,4.0134,8.8797,55.0,2.8411,0.04947,90.14,97.66,False,False
1,775,3.9945,11.3349,55.0,2.8379,0.05001,90.73,97.66,False,False
1,776,4.0328,7.439,55.0,2.8358,0.04969,89.17,97.66,False,False
1,778,4.0312,7.171,55.0,2.8399,0.05011,90.57,97.65,False,False
1,779,4.1256,2.1663,54.93,2.8315,0.05029,90.13,97.65,False,False
1,781,4.0736,6.1768,55.0,2.8283,0.04977,90.43,97.64,False,False
1,783,4.0959,4.9204,55.0,2.8299,0.05017,90.44,97.64,False,False
1,784,4.0651,5.3672,55.0,2.8249,0.05008,90.88,97.63,False,False
1,786,4.0868,4.9631,55.0,2.8233,0.04989,90.11,97.63,False,False
1,788,3.9749,11.2748,55.0,2.8322,0.04953,90.19,97.62,False,False
1,789,4.1373,2.5998,54.93,2.834,0.04969,89.68,97.62,False,False
1,791,3.964,11.5285,55.0,2.8346,0.04964,89.06,97.61,False,False
1,792,3.9951,9.4787,55.0,2.8254,0.05006,89.42,97.61,False,False
1,793,3.9428,11.9668,55.0,2.8233,0.04978,89.1,97.61,False,False
1,794,4.0135,10.3455,55.0,2.8351,0.04983,90.11,97.61,False,False
1,796,4.0362,8.4114,55.0,2.8399,0.0502,89.73,97.6,False,False
1,798,4.0694,6.4916,55.0,2.8336,0.04983,89.26,97.59,False,False
1,799,4.0021,8.615,55.0,2.8275,0.04975,89.56,97.59,False,False
1,800,4.0136,9.037,55.0,2.8354,0.04985,90.72,97.58,False,False
1,801,4.0457,7.9023,55.0,2.8336,0.04997,89.88,97.58,False,False
1,803,3.9455,11.9726,55.0,2.8276,0.05005,89.47,97.58,False,False
1,805,4.0644,7.2151,55.0,2.8246,0.05031,90.3,97.58,False,False
1,806,3.9948,10.1371,55.0,2.835,0.04965,90.58,97.57,False,False
1,808,4.1619,2.0734,55.0,2.8341,0.04956,90.85,97.56,False,False
1,809,4.081,5.8353,55.0,2.8287,0.04958,89.45,97.56,False,False
1,810,4.0439,8.2683,55.0,2.839,0.04997,90.39,97.55,False,False
1,811,4.0554,8.0847,55.0,2.8265,0.04989,88.98,97.55,False,False
1,813,4.0397,6.4995,55.0,2.8218,0.05015,90.68,97.55,False,False
1,814,3.9863,10.1989,55.0,2.8369,0.04956,89.01,97.54,False,False
1,815,4.1016,5.712,55.0,2.8259,0.04987,89.35,97.54,False,False
1,816,3.9856,11.1163,55.0,2.8384,0.05024,89.06,97.54,False,False
1,818,4.0401,7.9545,55.0,2.8358,0.05023,90.71,97.53,False,False
1,819,4.1062,5.364,55.0,2.8299,0.05003,89.9,97.53,False,False
1,820,4.0705,5.0051,55.0,2.8283,0.05018,90.36,97.52,False,False
1,821,4.0714,5.2683,54.99,2.8199,0.04988,89.61,97.52,False,False
1,823,4.0681,7.2656,55.0,2.8298,0.04957,89.87,97.51,False,False
1,824,4.0285,7.1761,55.0,2.8278,0.05046,89.19,97.51,False,False
1,825,4.0739,5.5489,55.0,2.8363,0.04949,90.69,97.51,False,False
1,826,4.1037,2.9592,55.0,2.8214,0.05005,89.7,97.5,False,False
1,827,3.9903,10.3055,55.0,2.8212,0.04966,90.52,97.5,False,False
1,828,4.1259,2.7769,55.0,2.8225,0.05018,89.3,97.5,False,False
1,830,3.997,9.5323,55.0,2.8314,0.05004,89.52,97.49,False,False
1,831,3.9762,10.9325,55.0,2.8244,0.05014,89.74,97.49,False,False
1,832,3.977,11.1353,55.0,2.8358,0.04954,89.25,97.48,False,False
1,833,4.1105,3.2527,55.0,2.8356,0.05042,89.47,97.48,False,False
1,835,4.1408,2.2345,54.93,2.8195,0.05017,90.6,97.47,False,False
1,836,4.0281,8.7081,55.0,2.8336,0.04982,90.83,97.47,False,False
1,837,4.0645,7.7701,55.0,2.8322,0.0496,90.88,97.47,False,False
1,838,3.9659,11.2868,55.0,2.8341,0.05037,90.72,97.47,False,False
1,840,4.0217,9.1472,55.0,2.82,0.04973,90.69,97.46,False,False
1,841,4.0184,7.949,55.0,2.8178,0.04983,89.22,97.46,False,False
1,842,4.0497,6.24,55.0,2.8283,0.05054,89.99,97.45,False,False
1,843,4.0547,6.0896,55.0,2.8234,0.05033,90.02,97.45,False,False
1,845,4.0769,5.6311,55.0,2.8292,0.04999,89.32,97.44,False,False
1,846,4.0152,7.8909,55.0,2.8217,0.04979,89.41,97.44,False,False
1,847,4.0112,10.0893,55.0,2.8175,0.0504,89.13,97.43,False,False
1,848,4.0794,5.4006,55.0,2.8244,0.05054,89.08,97.43,False,False
1,850,4.0292,9.7084,55.0,2.8258,0.0497,89.48,97.42,False,False
1,851,3.994,10.245,55.0,2.8298,0.05016,89.16,97.42,False,False
1,852,3.9877,11.1447,55.0,2.8198,0.04986,89.49,97.42,False,False
1,853,4.1308,3.3673,55.0,2.8173,0.04984,90.58,97.42,False,False
1,855,4.109,5.0186,55.0,2.8295,0.04986,89.4,97.41,False,False
1,856,4.1343,3.6058,55.0,2.8335,0.05051,89.16,97.41,False,False
1,857,4.0912,4.2681,55.0,2.8291,0.05054,89.93,97.41,False,False
1,858,4.0519,7.094,55.0,2.8278,0.0497,90.83,97.41,False,False
1,860,3.9902,9.479,55.0,2.8307,0.04961,89.88,97.4,False,False
1,862,4.0518,8.4825,55.0,2.8298,0.05007,89.19,97.39,False,False
1,863,4.0344,7.3176,55.0,2.8172,0.0497,89.79,97.39,False,False
1,865,4.031,7.6584,55.0,2.8256,0.04962,89.8,97.38,False,False
1,867,4.0339,8.7679,55.0,2.8261,0.05059,89.73,97.38,False,False
1,868,4.0882,6.1212,55.0,2.8282,0.0497,91.02,97.38,False,False
1,870,4.0172,8.2412,55.0,2.8282,0.05007,89.58,97.37,False,False
1,872,4.1448,2.6109,55.0,2.8286,0.05034,90.55,97.36,False,False
1,873,4.0947,5.3898,55.0,2.8278,0.04997,89.96,97.36,False,False
1,875,4.0319,7.8013,55.0,2.8132,0.05001,89.65,97.35,False,False
1,876,4.0846,4.1024,55.0,2.8162,0.04983,90.61,97.34,False,False
1,877,4.0801,5.322,55.0,2.8216,0.0503,90.48,97.34,False,False
1,878,4.0543,5.9344,55.0,2.8306,0.04987,90.08,97.34,False,False
1,880,4.1484,2.1098,55.0,2.8192,0.05051,90.26,97.33,False,False
1,881,4.026,8.426,55.0,2.8183,0.04968,90.4,97.33,False,False
1,882,4.0729,5.0664,55.0,2.8192,0.04973,89.94,97.32,False,False
1,883,4.1416,2.1251,54.97,2.8253,0.04966,89.26,97.32,False,False
1,885,4.0076,8.8245,55.0,2.8129,0.04965,89.49,97.31,False,False
1,886,4.0373,6.8562,55.0,2.8148,0.04976,90.53,97.31,False,False
1,887,4.0727,6.4052,55.0,2.8244,0.05038,90.62,97.31,False,False
1,888,4.0568,6.757,55.0,2.824,0.05027,90.69,97.31,False,False
1,890,4.1423,2.342,55.0,2.8316,0.04985,90.71,97.3,False,False
1,892,4.0019,9.5136,55.0,2.8158,0.05057,89.48,97.29,False,False
1,893,4.0486,7.0398,55.0,2.8116,0.05046,89.49,97.29,False,False
1,895,3.9599,11.8825,55.0,2.8163,0.04998,90.67,97.28,False,False
1,897,4.0283,8.0816,55.0,2.819,0.04982,89.3,97.28,False,False
1,898,4.0115,10.3515,55.0,2.8173,0.05015,90.91,97.27,False,False
1,900,4.0699,5.0129,54.98,2.8129,0.05051,90.92,97.27,False,False
1,901,4.004,11.1232,55.0,2.8306,0.05035,90.54,97.26,False,False
1,902,4.0267,9.6794,55.0,2.8301,0.0505,89.73,97.26,False,False
1,903,4.006,9.7968,55.0,2.8199,0.04995,89.58,97.26,False,False
1,905,4.0341,7.9466,55.0,2.82,0.05056,90.92,97.25,False,False
